Priority,Tier,Parent_ID,Glass_Type,Total_Purchased,Half_Qty,Half_Purchased,Half_Years,10x10_Qty,10x10_Purchased,10x10_Years,5x10_Qty,5x10_Purchased,5x10_Years,5x5_Qty,5x5_Purchased,5x5_Years,Min_Years,Has_Zero
1,1-Zero Stock (Skipped),388,Bullseye Glass White Opalescent Double-rolled 3mm COE90 - Size,92,1,9,0.111,0,54,0.000,34,21,1.619,14,8,1.750,0.000,Yes
2,1-Zero Stock (Skipped),16381,Bullseye Glass Marigold Yellow Transparent Double-rolled 3mm COE90 - Size,71,1,2,0.500,4,35,0.114,0,24,0.000,1,10,0.100,0.000,Yes
3,1-Zero Stock (Skipped),9704,Bullseye Glass Kelly Green Transparent Double-rolled 3mm COE90 - Size,70,1,1,1.000,0,33,0.000,0,21,0.000,0,15,0.000,0.000,Yes
4,1-Zero Stock (Skipped),169091,Bullseye Glass White Pink Opal Streaky Double-rolled 3mm COE90 - Size,61,1,4,0.250,0,24,0.000,0,16,0.000,0,17,0.000,0.000,Yes
5,1-Zero Stock (Skipped),8428,Bullseye Glass Deco Gray Opalescent Double-rolled 3mm COE90 - Size,42,3,0,999.000,0,23,0.000,0,13,0.000,2,6,0.333,0.000,Yes
6,1-Zero Stock (Skipped),6972,Bullseye Glass White Orange Opal Streaky Double-rolled 3mm COE90 - Size,42,1,6,0.167,8,16,0.500,0,12,0.000,1,8,0.125,0.000,Yes
7,1-Zero Stock (Skipped),146032,Bullseye Glass Light Aquamarine Blue Transparent Rainbow Iridescent Double-rolled 3mm COE90 - Size,36,1,4,0.250,0,19,0.000,3,9,0.333,5,4,1.250,0.000,Yes
8,1-Zero Stock (Skipped),16441,Bullseye Glass Soft Yellow Opal Deep Red Streaky Double-rolled 3mm COE90 - Size,35,1,5,0.200,12,18,0.667,0,9,0.000,3,3,1.000,0.000,Yes
9,1-Zero Stock (Skipped),158750,Bullseye Glass Emerald Green Transparent Rainbow Iridescent Double-rolled 3mm COE90 - Size,30,2,0,999.000,0,18,0.000,6,7,0.857,10,5,2.000,0.000,Yes
10,1-Zero Stock (Skipped),16386,Bullseye Glass Sunset Coral Transparent Double-rolled 3mm COE90 - Size,27,1,2,0.500,0,12,0.000,0,10,0.000,2,3,0.667,0.000,Yes
11,1-Zero Stock (Skipped),179475,Bullseye Glass White Turquoise Lime Green Gold Pink Mottle Mix Single-rolled 3mm Non-Fusible - Size,27,2,0,999.000,0,12,0.000,0,7,0.000,3,8,0.375,0.000,Yes
12,1-Zero Stock (Skipped),6010,Bullseye Glass Charcoal Gray White Streaky Double-rolled 3mm COE90 - Size,26,2,0,999.000,3,10,0.300,0,7,0.000,1,9,0.111,0.000,Yes
13,1-Zero Stock (Skipped),156043,Bullseye Glass Erbium Pink Transparent Tint Double-rolled 3mm COE90 - Size,25,2,0,999.000,6,5,1.200,0,13,0.000,4,7,0.571,0.000,Yes
14,1-Zero Stock (Skipped),16331,Bullseye Glass Umber Opalescent Double-rolled 3mm COE90 - Size,25,1,1,1.000,1,10,0.100,0,10,0.000,5,4,1.250,0.000,Yes
15,1-Zero Stock (Skipped),153140,Bullseye Glass Alchemy Clear Transparent Silver to Gold Double-rolled 3mm COE90 - Size,23,1,0,999.000,3,8,0.375,0,12,0.000,3,3,1.000,0.000,Yes
16,1-Zero Stock (Skipped),6984,Bullseye Glass Olive Green Opal Forest Green Streaky Double-rolled 3mm COE90 - Size,23,3,0,999.000,2,8,0.250,0,7,0.000,1,8,0.125,0.000,Yes
17,1-Zero Stock (Skipped),9714,Bullseye Glass Red Transparent Rainbow Iridescent Double-rolled 3mm COE90 - Size,23,1,0,999.000,2,8,0.250,0,13,0.000,8,2,4.000,0.000,Yes
18,1-Zero Stock (Skipped),179487,Bullseye Glass White Gold Pink Mottle Mix Single-rolled 3mm Non-Fusible - Size,19,2,0,999.000,1,7,0.143,0,8,0.000,3,4,0.750,0.000,Yes
19,1-Zero Stock (Skipped),8081,Bullseye Glass Clear Transparent with Black Chopstix Rainbow Iridescent 3mm COE90 - Size,17,2,0,999.000,0,8,0.000,4,9,0.444,0,0,999.000,0.000,Yes
20,1-Zero Stock (Skipped),152454,Bullseye Glass Garnet Red Transparent Rainbow Iridescent Double-rolled 3mm COE90 - Size,16,1,0,999.000,0,10,0.000,3,5,0.600,8,1,8.000,0.000,Yes
21,1-Zero Stock (Skipped),179469,Bullseye Glass Light Blue Cobalt Blue Mottle Mix Single-rolled 3mm Non-Fusible - Size,16,4,0,999.000,0,7,0.000,0,6,0.000,2,3,0.667,0.000,Yes
22,1-Zero Stock (Skipped),146042,Bullseye Glass Red Amber Transparent Tint Double-rolled 3mm COE90 - Size,16,3,0,999.000,0,8,0.000,2,8,0.250,8,0,999.000,0.000,Yes
23,1-Zero Stock (Skipped),171977,Bullseye Glass Black Opalescent Granite Ripple Texture 3mm COE90 - Size,14,2,0,999.000,14,6,2.333,0,7,0.000,10,1,10.000,0.000,Yes
24,1-Zero Stock (Skipped),3750,Bullseye Glass Light Pink Green and White Fractures Streamers on Clear Single-rolled 3mm COE90 - Size,14,1,3,0.333,0,5,0.000,2,6,0.333,0,0,999.000,0.000,Yes
25,1-Zero Stock (Skipped),179445,Bullseye Glass Medium Celery Emerald Green Mottle Mix Single-rolled 3mm Non-Fusible - Size,13,4,0,999.000,0,7,0.000,0,4,0.000,1,2,0.500,0.000,Yes
26,1-Zero Stock (Skipped),179433,Bullseye Glass Patina Green Mottle Opalescent Single-rolled 3mm Non-Fusible - Size,13,4,1,4.000,3,7,0.429,0,5,0.000,4,0,999.000,0.000,Yes
27,1-Zero Stock (Skipped),182344,Bullseye Glass Special Production Opaline Opal with Light Cyan Opal Streaky Double-rolled 3mm COE90 - Size,13,4,0,999.000,0,3,0.000,1,8,0.125,6,2,3.000,0.000,Yes
28,1-Zero Stock (Skipped),180371,Bullseye Glass Special Production Spring Green Opal with Orange Infusion Streaky 3mm COE90 - Size,13,1,3,0.333,3,6,0.500,0,4,0.000,0,0,999.000,0.000,Yes
29,1-Zero Stock (Skipped),153366,Bullseye Glass Neo-Lavender Shift Transparent Rainbow Iridescent Double-rolled 3mm COE90 - Size,12,1,0,999.000,0,9,0.000,8,2,4.000,7,1,7.000,0.000,Yes
30,1-Zero Stock (Skipped),6834,Bullseye Glass Reactive Ice Clear Transparent Double-rolled 3mm COE90 - Size,12,2,0,999.000,0,10,0.000,13,2,6.500,12,0,999.000,0.000,Yes
31,1-Zero Stock (Skipped),159082,Bullseye Glass Light Silver Gray Transparent Silver Iridescent Double-rolled 3mm COE90 - Size,11,2,0,999.000,3,4,0.750,3,2,1.500,0,5,0.000,0.000,Yes
32,1-Zero Stock (Skipped),179505,Bullseye Glass White Olive Green Gold Pink Mottle Mix Single-rolled 3mm Non-Fusible - Size,8,2,0,999.000,6,4,1.500,0,3,0.000,1,1,1.000,0.000,Yes
33,1-Zero Stock (Skipped),8943,Bullseye Glass Clear Transparent Soft Ripple Texture Iridescent 3mm COE90 - Size,5,1,0,999.000,0,2,0.000,0,0,999.000,0,3,0.000,0.000,Yes
34,1-Zero Stock (Skipped),8300,Bullseye Glass Black Opalescent Silver Iridescent Double-rolled 3mm COE90 - Size,3,4,0,999.000,6,1,6.000,0,2,0.000,0,0,999.000,0.000,Yes
35,2-Could Improve,445,Bullseye Glass Red Opalescent Double-rolled 3mm COE90 - Size,169,7,8,0.875,1,102,0.010,3,48,0.062,16,11,1.455,0.010,No
36,2-Could Improve,6968,Bullseye Glass Clear Egyptian Blue Opal Streaky Double-rolled 3mm COE90 - Size,72,4,4,1.000,1,40,0.025,28,14,2.000,11,14,0.786,0.025,No
37,2-Could Improve,6822,Bullseye Glass Reactive Cloud Opalescent Double-rolled 3mm COE90 - Size,51,2,1,2.000,1,37,0.027,9,9,1.000,7,4,1.750,0.027,No
38,2-Could Improve,8304,Bullseye Glass Canary Yellow Opalescent Double-rolled 3mm COE90 - Size,115,5,9,0.556,8,51,0.157,4,30,0.133,1,25,0.040,0.040,No
39,2-Could Improve,172007,Bullseye Glass Peacock Blue Transparent Rainbow Iridescent Double-rolled 3mm COE90 - Size,34,1,3,0.333,1,23,0.043,10,6,1.667,9,2,4.500,0.043,No
40,2-Could Improve,827,Bullseye Glass Aventurine Green Transparent Double-rolled 3mm COE90 - Size,107,4,3,1.333,11,53,0.208,2,36,0.056,12,15,0.800,0.056,No
41,2-Could Improve,401,Bullseye Glass Turquoise Blue Opalescent Double-rolled 3mm COE90 - Size,96,1,18,0.056,11,52,0.212,3,18,0.167,8,8,1.000,0.056,No
42,2-Could Improve,15044,Bullseye Glass Tan Transparent Double-rolled 3mm COE90 - Size,35,3,0,999.000,1,18,0.056,1,9,0.111,1,8,0.125,0.056,No
43,2-Could Improve,166670,Bullseye Glass Light Green White Opal Streaky Double-rolled 3mm COE90 - Size,50,2,2,1.000,2,33,0.061,7,9,0.778,2,6,0.333,0.061,No
44,2-Could Improve,457,Bullseye Glass Spring Green Opalescent Double-rolled 3mm COE90 - Size,102,13,10,1.300,9,47,0.191,2,31,0.065,4,14,0.286,0.065,No
45,2-Could Improve,169757,Bullseye Glass Copper Blue White Opal Double-rolled 3mm COE90 - Size,44,3,3,1.000,2,28,0.071,11,8,1.375,6,5,1.200,0.071,No
46,2-Could Improve,9699,Bullseye Glass Clear Black Opal Streaky Double-rolled 3mm COE90 - Size,42,3,4,0.750,2,27,0.074,21,3,7.000,6,8,0.750,0.074,No
47,2-Could Improve,16451,Bullseye Glass Olive Green Opal Forest Green Deep Brown Streaky Double-rolled 3mm COE90 - Size,30,3,1,3.000,4,11,0.364,1,13,0.077,1,5,0.200,0.077,No
48,2-Could Improve,163659,Bullseye Glass Light Bronze Transparent Gold Iridescent Double-rolled 3mm COE90 - Size,26,3,1,3.000,1,13,0.077,6,9,0.667,5,3,1.667,0.077,No
49,2-Could Improve,161099,Bullseye Glass Lily Pad Green Transparent Double-rolled 3mm COE90 - Size,25,4,1,4.000,1,13,0.077,3,8,0.375,3,3,1.000,0.077,No
50,2-Could Improve,160903,Bullseye Glass Blue Opal Plum Streaky Double-rolled 3mm COE90 - Size,48,2,2,1.000,2,25,0.080,5,13,0.385,3,8,0.375,0.080,No
51,2-Could Improve,470,Bullseye Glass French Vanilla Opalescent Double-rolled 3mm COE90 - Size,176,14,25,0.560,9,109,0.083,75,26,2.885,20,16,1.250,0.083,No
52,2-Could Improve,163624,Bullseye Glass Glacier Blue Opalescent Double-rolled 3mm COE90 - Size,97,6,5,1.200,5,58,0.086,5,24,0.208,8,10,0.800,0.086,No
53,2-Could Improve,168538,Bullseye Glass White Aventurine Green Streaky Double-rolled 3mm COE90 - Size,44,1,4,0.250,3,32,0.094,3,8,0.375,5,0,999.000,0.094,No
54,2-Could Improve,9104,Bullseye Glass Deep Royal Purple Transparent Double-rolled 3mm COE90 - Size,75,4,1,4.000,4,40,0.100,3,21,0.143,4,13,0.308,0.100,No
55,2-Could Improve,8317,Bullseye Glass Yellow Opalescent Deep Forest Green Streaky Double-rolled 3mm COE90 - Size,42,2,2,1.000,4,19,0.211,3,11,0.273,1,10,0.100,0.100,No
56,2-Could Improve,15593,Bullseye Glass Light Coral Transparent Double-rolled 3mm COE90 - Size,30,2,1,2.000,5,10,0.500,1,10,0.100,4,9,0.444,0.100,No
57,2-Could Improve,159865,Bullseye Glass French Vanilla Light Turquoise Blue Infusion Streaky 3mm COE90 - Size,75,5,15,0.333,11,41,0.268,2,19,0.105,0,0,999.000,0.105,No
58,2-Could Improve,181596,Bullseye Glass Aventurine Bronze Transparent Double-rolled 3mm COE90 - Size,172,8,17,0.471,9,85,0.106,9,42,0.214,13,28,0.464,0.106,No
59,2-Could Improve,16336,Bullseye Glass Aquamarine Blue Transparent Double-Rolled 3mm COE90 - Size,94,5,4,1.250,13,44,0.295,3,28,0.107,4,18,0.222,0.107,No
60,2-Could Improve,6074,Bullseye Glass Woodland Brown Opal Ivory Black Streaky Double-rolled 3mm COE90 - Size,69,3,1,3.000,12,33,0.364,3,27,0.111,5,8,0.625,0.111,No
61,2-Could Improve,169141,Bullseye Glass Clear Rainbow Mardi Gras 3mm COE90 - Size,19,4,0,999.000,6,10,0.600,1,9,0.111,0,0,999.000,0.111,No
62,2-Could Improve,16316,Bullseye Glass Golden Green Opalescent Double-rolled 3mm COE90 - Size,18,2,1,2.000,3,4,0.750,3,4,0.750,1,9,0.111,0.111,No
63,2-Could Improve,8840,Bullseye Glass French Vanilla Opal with Light Turquoise Blue Wispy Streaky Double-rolled 3mm COE90 - Size,43,2,2,1.000,2,17,0.118,3,15,0.200,3,9,0.333,0.118,No
64,2-Could Improve,9244,Bullseye Glass Cream Opalescent Double-rolled 3mm COE90 - Size,67,1,8,0.125,8,40,0.200,11,10,1.100,9,9,1.000,0.125,No
65,2-Could Improve,164864,Bullseye Glass Ming Green Transparent Tint Double-rolled 3mm COE90 - Size,49,1,8,0.125,2,16,0.125,5,21,0.238,10,4,2.500,0.125,No
66,2-Could Improve,1106,Bullseye Glass Crystal Clear Transparent Double-rolled 3mm COE90 - Size,37,4,0,999.000,15,10,1.500,2,16,0.125,7,11,0.636,0.125,No
67,2-Could Improve,172131,Bullseye Glass Powder Blue Opal Marine Blue Trans Double-rolled 3mm COE90 - Size,27,1,3,0.333,2,16,0.125,8,6,1.333,9,2,4.500,0.125,No
68,2-Could Improve,10012,Bullseye Glass Mink Opalescent Double-rolled 3mm COE90 - Size,15,1,1,1.000,1,8,0.125,3,2,1.500,1,4,0.250,0.125,No
69,2-Could Improve,155892,Bullseye Glass Kelly Green Transparent Rainbow Iridescent Double-rolled 3mm COE90 - Size,13,2,1,2.000,1,8,0.125,5,3,1.667,6,1,6.000,0.125,No
70,2-Could Improve,16361,Bullseye Glass Light Plum Transparent Double-rolled 3mm COE90 - Size,32,2,3,0.667,2,15,0.133,4,6,0.667,3,8,0.375,0.133,No
71,2-Could Improve,163629,Bullseye Glass Robin&#39s Egg Blue Opalescent Double-rolled 3mm COE90 - Size,124,12,21,0.571,9,63,0.143,11,29,0.379,10,11,0.909,0.143,No
72,2-Could Improve,8087,Bullseye Glass Clear Aventurine Blue Streaky Double-rolled 3mm COE90 - Size,65,6,8,0.750,6,42,0.143,4,10,0.400,6,5,1.200,0.143,No
73,2-Could Improve,6050,Bullseye Glass Caribbean Blue White Streaky Double-rolled 3mm COE90 - Size,35,1,5,0.200,2,14,0.143,5,9,0.556,3,7,0.429,0.143,No
74,2-Could Improve,16416,Bullseye Glass Moss Green Opalescent Double-rolled 3mm COE90 - Size,26,2,1,2.000,2,14,0.143,2,7,0.286,7,4,1.750,0.143,No
75,2-Could Improve,6988,Bullseye Glass Clear Turquoise Blue White Streaky Double-rolled 3mm COE90 - Size,101,11,19,0.579,8,55,0.145,38,20,1.900,13,7,1.857,0.145,No
76,2-Could Improve,175067,Bullseye Glass Peacock Blue White Opal Streaky Double-rolled 3mm COE90 - Size,101,5,15,0.333,6,41,0.146,9,25,0.360,6,20,0.300,0.146,No
77,2-Could Improve,10017,Bullseye Glass Artichoke Opalescent Double-rolled 3mm COE90 - Size,42,3,2,1.500,4,27,0.148,14,8,1.750,11,5,2.200,0.148,No
78,2-Could Improve,146037,Bullseye Glass Spruce Green Transparent Tint Double-rolled 3mm COE90 - Size,25,2,2,1.000,3,19,0.158,41,1,41.000,18,3,6.000,0.158,No
79,2-Could Improve,1124,Bullseye Glass Light Aquamarine Blue Transparent Double-rolled 3mm COE90 - Size,99,2,12,0.167,16,48,0.333,7,23,0.304,8,16,0.500,0.167,No
80,2-Could Improve,168528,Bullseye Glass Amethyst Transparent Double-rolled 3mm COE90 - Size,95,5,5,1.000,8,48,0.167,8,22,0.364,6,20,0.300,0.167,No
81,2-Could Improve,9857,Bullseye Glass Mint Green Opalescent Double-rolled 3mm COE90 - Size,62,1,6,0.167,6,31,0.194,4,17,0.235,4,8,0.500,0.167,No
82,2-Could Improve,16371,Bullseye Glass Sea Blue Transparent Double-rolled 3mm COE90 - Size,56,3,2,1.500,5,30,0.167,12,15,0.800,7,9,0.778,0.167,No
83,2-Could Improve,512,Bullseye Glass Teal Green Opalescent Double-rolled 3mm COE90 - Size,38,2,1,2.000,10,14,0.714,3,18,0.167,7,5,1.400,0.167,No
84,2-Could Improve,8925,Bullseye Glass Elephant Gray Opalescent Double-rolled 3mm COE90 - Size,35,1,2,0.500,3,18,0.167,2,10,0.200,3,5,0.600,0.167,No
85,2-Could Improve,16456,Bullseye Glass Cranberry Pink Azure Blue White Streaky Double-rolled 3mm COE90 - Size,25,2,2,1.000,4,13,0.308,1,6,0.167,7,4,1.750,0.167,No
86,2-Could Improve,156038,Bullseye Glass Grass Green Transparent Tint Double-rolled 3mm COE90 - Size,24,3,2,1.500,2,12,0.167,3,5,0.600,3,5,0.600,0.167,No
87,2-Could Improve,10042,Bullseye Glass Black Fractures with Black Streamers on Clear Single-rolled 3mm COE90 - Size,7,2,0,999.000,6,1,6.000,1,6,0.167,0,0,999.000,0.167,No
88,2-Could Improve,3991,Bullseye Glass Light Aventurine Green Transparent Double-rolled 3mm COE90 - Size,54,5,9,0.556,6,35,0.171,11,6,1.833,5,4,1.250,0.171,No
89,2-Could Improve,8436,Bullseye Glass Light Bronze Transparent Double-rolled 3mm COE90 - Size,33,2,1,2.000,4,23,0.174,12,2,6.000,7,7,1.000,0.174,No
90,2-Could Improve,153129,Bullseye Glass Carribean Blue Transparent Double-rolled 3mm COE90 - Size,125,7,7,1.000,16,66,0.242,7,40,0.175,17,12,1.417,0.175,No
91,2-Could Improve,548,Bullseye Glass Woodland Brown Opalescent Double-rolled 3mm COE90 - Size,73,3,5,0.600,11,36,0.306,4,15,0.267,3,17,0.176,0.176,No
92,2-Could Improve,3967,Bullseye Glass Cobalt Blue Opalescent Double-rolled 3mm COE90 - Size,58,4,2,2.000,8,28,0.286,3,17,0.176,3,11,0.273,0.176,No
93,2-Could Improve,160997,Bullseye Glass Leaf Green Transparent Double-rolled 3mm COE90 - Size,50,5,3,1.667,13,19,0.684,3,17,0.176,5,11,0.455,0.176,No
94,2-Could Improve,155897,Bullseye Glass Carribean Blue Transparent Rainbow Iridescent Double-rolled 3mm COE90 - Size,26,4,0,999.000,2,11,0.182,7,6,1.167,6,9,0.667,0.182,No
95,2-Could Improve,169737,Bullseye Glass Pewter Transparent Double-rolled 3mm COE90 - Size,22,2,0,999.000,2,11,0.182,4,8,0.500,6,3,2.000,0.182,No
96,2-Could Improve,308,Bullseye Glass Black Opalescent Double-rolled 3mm COE90 - Size,317,51,29,1.759,469,192,2.443,12,65,0.185,37,31,1.194,0.185,No
97,2-Could Improve,8406,Bullseye Glass Translucent White Opalescent Double-rolled 3mm COE90 - Size,63,3,12,0.250,6,32,0.188,24,9,2.667,11,10,1.100,0.188,No
98,2-Could Improve,172126,Bullseye Glass Lavender Opalescent Double-rolled 3mm COE90 - Size,27,2,0,999.000,3,16,0.188,2,6,0.333,3,5,0.600,0.188,No
99,2-Could Improve,530,Bullseye Glass Deep Cobalt Blue Opalescent Double-rolled 3mm COE90 - Size,71,6,5,1.200,7,35,0.200,4,18,0.222,3,13,0.231,0.200,No
100,2-Could Improve,4387,Bullseye Glass Burnt Orange Opalescent Double-rolled 3mm COE90 - Size,42,5,4,1.250,11,16,0.688,3,15,0.200,5,7,0.714,0.200,No
101,2-Could Improve,15613,Bullseye Glass Cranberry Pink Royal Blue Spring Green White Streaky Double-rolled 3mm COE90 - Size,35,1,5,0.200,2,10,0.200,3,13,0.231,3,7,0.429,0.200,No
102,2-Could Improve,6839,Bullseye Glass Turquoise Blue Deep Royal Blue Streaky Double-rolled 3mm COE90 - Size,30,2,8,0.250,7,12,0.583,5,5,1.000,1,5,0.200,0.200,No
103,2-Could Improve,161094,Bullseye Glass Leaf Green Transparent Rainbow Iridescent Double-rolled 3mm COE90 - Size,14,3,0,999.000,6,5,1.200,1,5,0.200,6,4,1.500,0.200,No
104,2-Could Improve,154462,Bullseye Glass Light Amber Transparent Tint Double-rolled  3mm COE90 - Size,11,3,0,999.000,2,5,0.400,1,5,0.200,5,1,5.000,0.200,No
105,2-Could Improve,154457,Bullseye Glass Yellow Transparent Rainbow Iridescent Double-rolled 3mm COE90 - Size,10,3,0,999.000,4,5,0.800,1,5,0.200,3,0,999.000,0.200,No
106,2-Could Improve,158735,Bullseye Glass Black Opalescent Prismatic Texture Iridescent 3mm COE90 - Size,9,1,0,999.000,10,1,10.000,2,3,0.667,1,5,0.200,0.200,No
107,2-Could Improve,145988,Bullseye Glass Reactive Ice Transparent Rainbow Iridescent Double-rolled 3mm COE90 - Size,6,2,0,999.000,1,5,0.200,2,1,2.000,4,0,999.000,0.200,No
108,2-Could Improve,10813,Bullseye Glass Light Orange Transparent Double-rolled 3mm COE90 - Size,69,4,2,2.000,9,29,0.310,5,24,0.208,3,14,0.214,0.208,No
109,2-Could Improve,161789,Bullseye Glass White Opal Salmon Pink Opal Streaky Double-rolled 3mm COE90 - Size,44,1,2,0.500,5,24,0.208,6,11,0.545,5,7,0.714,0.208,No
110,2-Could Improve,8356,Bullseye Glass Neo-Lavender Shift Transparent Double-rolled 3mm COE90 - Size,40,3,3,1.000,7,10,0.700,4,19,0.211,9,8,1.125,0.211,No
111,2-Could Improve,8184,Bullseye Glass Garnet Red Transparent Double-rolled 3mm COE90 - Size,103,8,14,0.571,11,46,0.239,7,33,0.212,16,10,1.600,0.212,No
112,2-Could Improve,175703,Bullseye Glass Warm White Light Amber Streaky Double-rolled 3mm COE90 - Size,52,4,7,0.571,7,33,0.212,13,8,1.625,9,4,2.250,0.212,No
113,2-Could Improve,857,Bullseye Glass Turquoise Blue Transparent Double-rolled 3mm COE90 - Size,121,6,14,0.429,20,49,0.408,9,42,0.214,15,16,0.938,0.214,No
114,2-Could Improve,7016,Bullseye Glass Aventurine Blue Transparent Double-rolled 3mm COE90 - Size,83,4,18,0.222,14,40,0.350,3,14,0.214,5,11,0.455,0.214,No
115,2-Could Improve,8394,Bullseye Glass Aqua Blue Transparent Tint Double-rolled 3mm COE90 - Size,135,8,11,0.727,14,64,0.219,9,38,0.237,8,22,0.364,0.219,No
116,2-Could Improve,5958,Bullseye Glass Clear Spring Green Opal Streaky Double-rolled 3mm COE90 - Size,36,3,3,1.000,12,16,0.750,2,9,0.222,4,8,0.500,0.222,No
117,2-Could Improve,16461,Bullseye Glass Cranberry Pink Emerald Green White Streaky Double-rolled 3mm COE90 - Size,18,1,1,1.000,2,9,0.222,9,5,1.800,4,3,1.333,0.222,No
118,2-Could Improve,179973,Bullseye Glass Pistachio Opalescent Double-rolled 3mm COE90 - Size,40,1,1,1.000,6,26,0.231,3,8,0.375,3,5,0.600,0.231,No
119,2-Could Improve,8129,Bullseye Glass Orange Transparent Double-rolled 3mm COE90 - Size,56,2,3,0.667,12,24,0.500,4,17,0.235,7,12,0.583,0.235,No
120,2-Could Improve,8410,Bullseye Glass Light Silver Gray Transparent Double-rolled 3mm COE90 - Size,29,2,1,2.000,4,17,0.235,5,8,0.625,5,3,1.667,0.235,No
121,2-Could Improve,159122,Bullseye Glass Petrified Wood Streaky Double-rolled 3mm COE90 - Size,100,3,9,0.333,21,48,0.438,8,33,0.242,9,10,0.900,0.242,No
