Priority,Parent_ID,Glass_Type,Category,Cut_Instructions,Reorder_Needed,Urgency,Total_Sales
1,388,Bullseye Glass White Opalescent,Tier1,Cut Half -> 10x10 (prioritize 10x10),No,HIGH,92
2,16381,Bullseye Glass Marigold Yellow Transparent,Tier1,Cut 1 Half -> 2x10x10 + 2x5x10,No,HIGH,71
3,9704,Bullseye Glass Kelly Green Transparent,Tier1,Cut 1 Half -> 2x10x10 + 2x5x10 then 5x10->5x5,No,HIGH,70
4,169091,Bullseye Glass White Pink Opal Streaky,Tier1,Cut 1 Half -> 2x10x10 + 2x5x10 then 1x5x10->2x5x5,No,HIGH,61
5,8428,Bullseye Glass Deco Gray Opalescent,Tier1,Cut 1 Half -> 2x10x10 + 2x5x10,No,MEDIUM,42
6,6972,Bullseye Glass White Orange Opal Streaky,Tier1,Cut 1 Half -> 2x10x10 + 2x5x10 then 1x10x10->4x5x5,No,MEDIUM,42
7,146032,Bullseye Glass Light Aquamarine Blue Transparent Rainbow Iridescent,Tier1,Cut 1 Half -> 2x10x10 + 2x5x10,No,MEDIUM,36
8,16441,Bullseye Glass Soft Yellow Opal Deep Red Streaky,Tier1,Cut 1 Half -> 2x10x10 + 2x5x10 then 1x10x10->2x5x10,No,MEDIUM,35
9,181765,Bullseye Glass Special Production White with Red Wispy Streaks,LowPriority,Cut 1x10x10->2x5x10,Yes - Half,MEDIUM,35
10,158750,Bullseye Glass Emerald Green Transparent Rainbow Iridescent,Tier1,Cut 2 Half -> 4x10x10 + 4x5x10,No,MEDIUM,30
11,16386,Bullseye Glass Sunset Coral Transparent,Tier1,Cut 1 Half -> 2x10x10 + 2x5x10,No,MEDIUM,27
12,179475,Bullseye Glass White Turquoise Lime Green Gold Pink Mottle Mix,Tier1,Cut 2 Half -> 4x10x10 + 4x5x10,No,MEDIUM,27
13,6010,Bullseye Glass Charcoal Gray White Streaky,Tier1,Cut 1 Half -> 2x10x10 + 2x5x10 then 1x5x10->2x5x5,No,MEDIUM,26
14,156043,Bullseye Glass Erbium Pink Transparent Tint,Tier1,Cut 1x10x10->2x5x10,No,MEDIUM,25
15,16331,Bullseye Glass Umber Opalescent,Tier1,Cut 1 Half -> 2x10x10 + 2x5x10,No,MEDIUM,25
16,182033,Bullseye Glass Special Production Golden Green with Pimento Red Streaky,LowPriority,Cut 1x10x10->2x5x10,Yes - Half,MEDIUM,25
17,155487,Bullseye Glass Burnt Scarlet Transparent Tint,LowPriority,Cut 1x10x10->4x5x5,No,MEDIUM,24
18,153140,Bullseye Glass Alchemy Clear Transparent Silver to Gold,Tier1,Cut 1 Half -> 2x10x10 + 2x5x10 then 1x10x10->2x5x10,No,MEDIUM,23
19,6984,Bullseye Glass Olive Green Opal Forest Green Streaky,Tier1,Cut 1 Half -> 2x10x10 + 2x5x10 then 1x5x10->2x5x5,No,MEDIUM,23
20,9714,Bullseye Glass Red Transparent Rainbow Iridescent,Tier1,Cut 1 Half -> 2x10x10 + 2x5x10 then 1x10x10->2x5x10,No,MEDIUM,23
21,179487,Bullseye Glass White Gold Pink Mottle Mix,Tier1,Cut 1 Half -> 2x10x10 + 2x5x10,No,LOW,19
22,179481,Bullseye Glass White Lime Green Turquoise Gold Pink Mottle Mix,LowPriority,Cut 1x10x10->2x5x10,Yes - Half,LOW,18
23,8081,Bullseye Glass Clear Transparent with Black Chopstix Rainbow Iridescent,Tier1,Cut 1 Half -> 2x10x10 + 2x5x10,No,LOW,17
24,152454,Bullseye Glass Garnet Red Transparent Rainbow Iridescent,Tier1,Cut 1 Half -> 2x10x10 + 2x5x10,No,LOW,16
25,179469,Bullseye Glass Light Blue Cobalt Blue Mottle Mix,Tier1,Cut 2 Half -> 4x10x10 + 4x5x10,No,LOW,16
26,146042,Bullseye Glass Red Amber Transparent Tint,Tier1,Cut 1 Half -> 2x10x10 + 2x5x10,No,LOW,16
27,171977,Bullseye Glass Black Opalescent Granite Ripple Texture,Tier1,Cut 1x10x10->2x5x10,No,LOW,14
28,3750,Bullseye Glass Light Pink Green and White Fractures Streamers on Clear,Tier1,Cut 1 Half -> 2x10x10 + 2x5x10,No,LOW,14
29,179445,Bullseye Glass Medium Celery Emerald Green Mottle Mix,Tier1,Cut 2 Half -> 4x10x10 + 4x5x10,No,LOW,13
30,179433,Bullseye Glass Patina Green Mottle Opalescent,Tier1,Cut 1 Half -> 2x10x10 + 2x5x10,No,LOW,13
31,182344,Bullseye Glass Special Production Opaline Opal with Light Cyan Opal Streaky,Tier1,Cut 1 Half -> 2x10x10 + 2x5x10,No,LOW,13
32,180371,Bullseye Glass Special Production Spring Green Opal with Orange Infusion Streaky,Tier1,Cut 1x10x10->2x5x10,No,LOW,13
33,153366,Bullseye Glass Neo-Lavender Shift Transparent Rainbow Iridescent,Tier1,Cut 1 Half -> 2x10x10 + 2x5x10,No,LOW,12
34,6834,Bullseye Glass Reactive Ice Clear Transparent,Tier1,Cut 2 Half -> 4x10x10 + 4x5x10,No,LOW,12
35,159082,Bullseye Glass Light Silver Gray Transparent Silver Iridescent,Tier1,Cut 1x5x10->2x5x5,No,LOW,11
36,179505,Bullseye Glass White Olive Green Gold Pink Mottle Mix,Tier1,Cut 1x10x10->2x5x10,No,LOW,8
37,16401,Bullseye Glass Gold Purple Transparent,LowPriority,Cut 1x5x10->2x5x5,Yes - 10x10,LOW,7
38,8943,Bullseye Glass Clear Transparent Soft Ripple Texture Iridescent,Tier1,Cut 1 Half -> 2x10x10 + 2x5x10 then 1x5x10->2x5x5,No,LOW,5
39,8300,Bullseye Glass Black Opalescent Silver Iridescent,Tier1,Cut 1 Half -> 2x10x10 + 2x5x10 then 1x5x10->2x5x5,No,LOW,3
