Priority,Tier,Total_Purchased,Parent_ID,Glass_Type,Cut_Half_Sheets,Cut_10x10_to_5x10,Cut_10x10_to_5x5,Cut_5x10_to_5x5,Before_Half_Years,Before_10x10_Years,Before_5x10_Years,Before_5x5_Years,After_Half_Years,After_10x10_Years,After_5x10_Years,After_5x5_Years,Min_Years_Before,Min_Years_After,Improvement
1,1-Zero Stock,207,152086,Dense White Opalescent Double-Rolled 3mm COE90,13,0,0,3,0.818,0.000,0.000,0.182,0.227,0.222,0.500,0.455,0.000,0.222,0.222
2,1-Zero Stock,161,905,Red Transparent Double-rolled 3mm COE90,5,0,0,3,0.778,0.000,0.263,0.200,0.222,0.112,0.447,0.440,0.000,0.112,0.112
3,1-Zero Stock,151,703,Clear Transparent Double-rolled 3mm COE90,7,0,0,0,0.526,0.000,0.359,1.300,0.158,0.169,0.718,1.300,0.000,0.158,0.158
4,1-Zero Stock,132,9100,Aqua Blue Tint & White Streaky Double-rolled 3mm COE90,2,0,0,0,0.176,0.000,0.000,0.333,0.059,0.061,0.129,0.333,0.000,0.059,0.059
5,1-Zero Stock,111,8125,Yellow Transparent Double-rolled 3mm COE90,5,0,0,3,1.000,0.263,0.032,0.000,0.286,0.439,0.258,0.375,0.000,0.258,0.258
6,1-Zero Stock,96,3973,Deep Red Opalescent Double-rolled 3mm COE90,2,0,0,0,0.500,0.103,0.000,0.250,0.250,0.205,0.138,0.250,0.000,0.138,0.138
7,1-Zero Stock,86,2530,Deep Royal Blue Transparent Double-rolled 3mm COE90,1,0,0,0,0.222,0.000,0.000,0.167,0.111,0.053,0.074,0.167,0.000,0.053,0.053
8,1-Zero Stock,85,16306,Dark Forest Green Opalescent Double-rolled 3mm COE90,2,0,0,0,1.500,0.000,0.037,1.000,0.500,0.087,0.185,1.000,0.000,0.087,0.087
9,1-Zero Stock,73,8084,Clear Aventurine Blue Streaky Rainbow Iridescent Double-rolled 3mm COE90,2,0,0,0,1.000,0.000,0.250,0.500,0.333,0.091,0.500,0.500,0.000,0.091,0.091
10,1-Zero Stock,61,9724,Light Peach Cream Opalescent Double-rolled 3mm COE90,2,0,0,0,1.000,0.000,0.294,0.556,0.333,0.125,0.529,0.556,0.000,0.125,0.125
11,1-Zero Stock,50,8360,Egyptian Blue Opalescent Double-rolled 3mm COE90,3,0,0,0,2.000,0.214,0.000,0.800,0.500,0.429,0.400,0.800,0.000,0.400,0.400
12,1-Zero Stock,49,168543,Clear with White and Black Graffiti Double-rolled 3mm COE90,4,0,0,0,1.200,0.000,0.000,0.000,0.400,0.296,0.471,0.000,0.000,0.296,0.296
13,1-Zero Stock,46,16356,Fern Green Transparent Double-rolled 3mm COE90,2,0,0,0,3.000,0.000,0.636,1.600,1.000,0.138,1.000,1.600,0.000,0.138,0.138
14,1-Zero Stock,44,161799,White Deep Royal Purple Cranberry Pink Streaky Double-rolled 3mm COE90,1,0,0,0,2.000,0.000,0.000,0.308,1.000,0.118,0.154,0.308,0.000,0.118,0.118
15,1-Zero Stock,43,163794,Mint Opal Deep Forest Green Opal Streaky Double-rolled 3mm COE90,2,0,0,0,3.000,0.000,0.091,1.500,1.000,0.148,0.455,1.500,0.000,0.148,0.148
16,1-Zero Stock,37,161794,White Opal Cranberry Pink Streaky Double-rolled 3mm COE90,2,0,0,0,3.000,0.412,0.000,0.833,1.000,0.647,0.308,0.833,0.000,0.308,0.308
17,1-Zero Stock,37,8364,White Opalescent Rainbow Iridescent Double-rolled 3mm COE90,3,0,0,0,1.000,0.000,1.000,1.800,0.250,0.300,1.750,1.800,0.000,0.250,0.250
18,1-Zero Stock,26,171312,Red Opal White Opal Streaky Double-rolled 3mm COE90,0,0,0,1,1.000,0.182,1.000,0.000,1.000,0.182,0.750,0.250,0.000,0.182,0.182
19,1-Zero Stock,22,16421,Pine Green Transparent Double-rolled 3mm COE90,1,0,0,0,2.000,0.100,0.000,0.500,1.000,0.300,0.286,0.500,0.000,0.286,0.286
20,1-Zero Stock,20,16466,Cranberry Pink Gold Purple White Streaky Double-rolled 3mm COE90,0,5,0,0,1.000,3.500,0.000,0.556,1.000,1.000,1.250,0.556,0.000,0.556,0.556
21,1-Zero Stock,20,153114,Light Pink Transparent Rainbow Iridescent Double-rolled 3mm COE90,1,0,0,0,1.000,0.000,0.300,8.000,0.667,0.333,0.500,8.000,0.000,0.333,0.333
22,1-Zero Stock,20,15588,Sienna Transparent Double-Rolled 3mm COE90,1,0,0,0,1.000,0.300,0.000,2.500,0.500,0.500,0.333,2.500,0.000,0.333,0.333
23,1-Zero Stock,19,152708,Ruby Red Transparent Tint Double-rolled 3mm COE90,1,0,0,1,2.000,0.000,1.000,0.250,1.000,0.200,1.250,0.750,0.000,0.200,0.200
24,1-Zero Stock,17,180037,Special Production Orange Opal with Black Stripes Double-rolled 3mm COE90,0,3,0,0,3.000,1.300,0.000,0.000,3.000,1.000,1.000,0.000,0.000,1.000,1.000
25,1-Zero Stock,16,158740,Clear Transparent Soft Ripple Texture 3mm COE90,2,0,0,0,2.000,0.000,0.000,1.000,1.000,0.571,0.800,1.000,0.000,0.571,0.571
26,1-Zero Stock,15,157396,Cranberry Royal Blue Spring Green Streaky Double-rolled 3mm COE90,1,0,0,0,1.000,0.000,0.400,3.000,0.500,0.333,0.800,3.000,0.000,0.333,0.333
27,1-Zero Stock,15,182350,Special Production Light Amber Transparent with Aventurine Green Transparent Streaky Double-rolled 3mm COE90,2,0,0,0,3.000,0.000,2.333,7.000,1.000,0.400,3.667,7.000,0.000,0.400,0.400
28,1-Zero Stock,14,8196,Black Opalescent Rainbow Iridescent Double-rolled 3mm COE90,2,0,0,0,5.000,0.625,0.000,1.000,3.000,1.125,2.000,1.000,0.000,1.000,1.000
29,1-Zero Stock,13,15578,Deep Gray Opalescent Double-rolled 3mm COE90,1,0,0,1,2.000,0.000,0.000,0.000,1.000,0.400,0.200,1.000,0.000,0.200,0.200
30,1-Zero Stock,11,157381,Clear Transparent Reed Texture Rainbow Iridescent 3mm COE90,0,2,0,0,1.000,2.000,0.000,1.000,1.000,1.500,1.000,1.000,0.000,1.000,1.000
