Priority,Parent_ID,Glass_Type,Zero_Sizes,Reason,Total_Sales,Half_Qty,Half_Sales,10x10_Qty,10x10_Sales,5x10_Qty,5x10_Sales,5x5_Qty,5x5_Sales
1,166067,Bullseye Glass Special Production Holly Berry Red Frit and Aventurine Green Fracture-Streamers on Clear Single-rolled COE90 - Size,"Half, 10x10, 5x10","No Half Sheets, No source for 5x10, No source for 10x10",210,0,19,0,127,0,64,0,0
2,6018,Bullseye Glass Clear White Streaky Double-rolled COE90 - Size,10x10,"No Half Sheets, No source for 10x10",180,0,0,0,105,20,52,7,23
3,3,Bullseye Glass Opaque White Double-rolled COE90 - Size,"Half, 10x10","No Half Sheets, No source for 10x10",149,0,18,0,86,11,36,15,9
4,164854,Bullseye Glass Sapphire Blue Transparent Tint Double-rolled COE90 - Size,"Half, 10x10","No Half Sheets, No source for 10x10",78,0,7,0,41,31,15,10,15
5,163639,Bullseye Glass Dark Amber Transparent Double-rolled COE90 - Size,Half,No Half Sheets,72,0,3,4,44,11,16,7,9
6,9248,Bullseye Glass Warm White Opalescent Double-rolled COE90 - Size,Half,No Half Sheets,59,0,12,13,41,36,5,11,1
7,161124,Bullseye Glass White Opal Dark Brown Streaky  Double-rolled COE90 - Size,"Half, 10x10, 5x10, 5x5","No Half Sheets, No source for 5x5, No source for 5x10, No source for 10x10",58,0,3,0,31,0,15,0,9
8,164859,Bullseye Glass Turquoise Blue Transparent Tint Double-rolled COE90 - Size,"Half, 10x10","No Half Sheets, No source for 10x10",56,0,6,0,27,14,12,7,11
9,12151,Bullseye Glass Butterscotch Opalescent Double-rolled COE90 - Size,Half,No Half Sheets,55,0,4,14,21,8,20,8,10
10,9882,Bullseye Glass Light Pink Transparent Double-rolled COE90 - Size,"Half, 10x10, 5x10, 5x5","No Half Sheets, No source for 5x5, No source for 5x10, No source for 10x10",54,0,1,0,18,0,17,0,18
11,16396,Bullseye Glass Cranberry Pink Transparent Double-rolled COE90 - Size,"10x10, 5x10, 5x5","No Half Sheets, No source for 5x5, No source for 5x10, No source for 10x10",51,0,0,0,9,0,21,0,21
12,6022,Bullseye Glass Medium Amber White Streaky Double-rolled COE90 - Size,Half,No Half Sheets,50,0,13,8,21,6,12,6,4
13,16321,Bullseye Glass Pink Opalescent Double-rolled COE90 - Size,"Half, 10x10","No Half Sheets, No source for 10x10",48,0,1,0,9,2,17,3,21
14,6102,Bullseye Glass Cranberry Pink White Streaky Double-rolled COE90 - Size,Half,No Half Sheets,47,0,2,4,19,4,17,9,9
15,170968,Bullseye Glass White Opal Deep Forest Green Caramel Opal Streaky Double-rolled COE90 - Size,Half,No Half Sheets,45,0,5,1,26,1,12,3,2
16,8414,Bullseye Glass Light Amber Transparent Double-rolled  COE90 - Size,Half,No Half Sheets,43,0,3,7,24,6,14,3,2
17,15054,Bullseye Glass Azure Blue & Jade Green Opalescent Neo-Lavender Shift Transparent Streaky Double-rolled COE90 - Size,Half,No Half Sheets,42,0,4,2,17,4,14,10,7
18,181760,Bullseye Glass Special Production White with Black Wispy Streaks Double-rolled COE90 - Size,"Half, 10x10, 5x10, 5x5","No Half Sheets, No source for 5x5, No source for 5x10, No source for 10x10",40,0,2,0,16,0,13,0,9
19,16351,Bullseye Glass Olive Green Transparent Double-rolled COE90 - Size,"Half, 10x10","No Half Sheets, No source for 10x10",39,0,4,0,15,1,13,3,7
20,3600,Bullseye Glass Salmon Pink Opalescent Double-rolled COE90 - Size,Half,No Half Sheets,38,0,1,1,14,3,9,5,14
21,4393,Bullseye Glass Gold Purple Opalescent Double-rolled COE90 - Size,"Half, 10x10, 5x10, 5x5","No Half Sheets, No source for 5x5, No source for 5x10, No source for 10x10",37,0,2,0,12,0,12,0,11
22,9709,Bullseye Glass Violet Transparent Double-rolled COE90 - Size,"Half, 10x10, 5x10, 5x5","No Half Sheets, No source for 5x5, No source for 5x10, No source for 10x10",36,0,6,0,11,0,10,0,9
23,152693,Bullseye Glass Turquoise Blue Transparent Rainbow Iridescent Double-rolled COE90 - Size,Half,No Half Sheets,33,0,2,3,15,13,5,2,11
24,156048,Bullseye Glass Ruby Pink Transparent Tint Double-rolled COE90 - Size,"Half, 10x10, 5x10, 5x5","No Half Sheets, No source for 5x5, No source for 5x10, No source for 10x10",30,0,2,0,11,0,7,0,10
25,181887,Bullseye Glass Special Production Powder Blue Opalescent with Blue Transparent COE90 - Size,"Half, 10x10, 5x10","No Half Sheets, No source for 5x10, No source for 10x10",30,0,4,0,14,0,8,4,4
26,182018,Bullseye Glass Special Production Spring Green with White Double-rolled Streaky COE90 - Size,"Half, 10x10","No Half Sheets, No source for 10x10",30,0,2,0,13,5,8,4,7
27,6964,Bullseye Glass Plum Opalescent Double-Rolled COE90 - Size,Half,No Half Sheets,29,0,2,8,9,5,8,8,10
28,182028,Bullseye Glass Special Production Copper Blue and White with Dusty Blue Infusion Double-rolled COE90 - Size,"Half, 10x10, 5x10","No Half Sheets, No source for 5x10, No source for 10x10",29,0,4,0,17,0,8,0,0
29,163634,Bullseye Glass Variegated Salmon Pink Opalescent Double-rolled COE90 - Size,"Half, 10x10, 5x10, 5x5","No Half Sheets, No source for 5x5, No source for 5x10, No source for 10x10",29,0,4,0,14,0,4,0,7
30,15049,Bullseye Glass Fuchsia Transparent Double-rolled COE90 - Size,"Half, 10x10, 5x10, 5x5","No Half Sheets, No source for 5x5, No source for 5x10, No source for 10x10",28,0,2,0,6,0,8,0,12
31,182023,Bullseye Glass Special Production White With Aventurine Drizzle Double-rolled COE90 - Size,"Half, 10x10, 5x10","No Half Sheets, No source for 5x10, No source for 10x10",28,0,2,0,11,0,15,0,0
32,170963,Bullseye Glass White Orange Opal Deep Forest Green Streaky Double-rolled COE90 - Size,Half,No Half Sheets,28,0,7,7,7,4,6,1,8
33,182356,Bullseye Glass Special Production Deep Royal Blue Transparent with Light Cyan Opal Streaky Double-rolled COE90 - Size,"Half, 10x10","No Half Sheets, No source for 10x10",27,0,7,0,12,4,5,4,3
34,179493,Bullseye Glass Lemon Yellow White Gold-Pink Mottle Mix Single-rolled Non-Fusible - Size,"Half, 10x10, 5x10, 5x5","No Half Sheets, No source for 5x5, No source for 5x10, No source for 10x10",26,0,2,0,10,0,8,0,6
35,181878,Bullseye Glass Special Production Gray Blue Tint with Gray Opalescent Graffiti COE90 - Size,"Half, 10x10","No Half Sheets, No source for 10x10",26,0,4,0,16,2,6,0,0
36,10037,Bullseye Glass Clear White & Black Streaky Double-Rolled COE90 - Size,Half,No Half Sheets,24,0,2,1,19,13,1,7,2
37,181882,Bullseye Glass Special Production Chartreuse Transparent with White COE90 - Size,Half,No Half Sheets,23,0,4,6,9,2,6,4,4
38,181770,Bullseye Glass Special Production French Vanilla Opalescent with Powder Blue Opalescent Double-rolled COE90 - Size,"Half, 10x10","No Half Sheets, No source for 10x10",23,0,2,0,14,9,6,8,1
39,156460,Bullseye Glass Clear Transparent Prismatic Texture COE90 - Size,"Half, 10x10, 5x10","No Half Sheets, No source for 5x10, No source for 10x10",22,0,2,0,8,0,7,1,5
40,182362,Bullseye Glass Special Production Clear with Glacial Blue Opal Streaky Double-rolled COE90 - Size,"Half, 10x10","No Half Sheets, No source for 10x10",22,0,4,0,14,4,4,9,0
41,15598,Bullseye Glass Light Sky Blue Transparent Rainbow Iridescent Double-rolled COE90 - Size,Half,No Half Sheets,20,0,2,1,8,4,8,6,2
42,153056,Bullseye Glass Coral Orange Transparent Tint Double-rolled COE90 - Size,"Half, 10x10","No Half Sheets, No source for 10x10",19,0,3,0,8,2,3,1,5
43,155482,Bullseye Glass Light Turquoise Blue Transparent Rainbow Iridescent Double-rolled COE90 - Size,"Half, 10x10","No Half Sheets, No source for 10x10",12,0,2,0,8,15,2,9,0
44,158138,Bullseye Glass Steel Blue Transparent Rainbow Iridescent Double-rolled COE90 - Size,Half,No Half Sheets,8,0,2,6,3,1,3,2,0
45,156470,Bullseye Glass Pine Green Transparent Rainbow Iridescent Double-rolled COE90 - Size,10x10,"No Half Sheets, No source for 10x10",5,0,0,0,4,8,1,7,0
46,162758,Bullseye Glass Assortment Transparent COE90 - Size,"10x10, 5x10","No Half Sheets, No source for 5x10, No source for 10x10",3,0,0,0,2,0,1,0,0
