Priority,Parent_ID,Glass_Type,Reorder_Size,Urgency,Total_Sales,Zero_Sizes,Additional_Cutting,Notes
1,166067,Bullseye Glass Special Production Holly Berry Red Frit,Half Sheet,CRITICAL,210,"Half, 10x10, 5x10",None,ALL sizes ZERO - highest priority
2,6018,Bullseye Glass Clear White Streaky,Half Sheet,CRITICAL,180,10x10,None,10x10 ZERO with 105 sales/yr
3,3,Bullseye Glass Opaque White,Half Sheet,CRITICAL,149,"Half, 10x10",None,10x10 ZERO with 86 sales/yr
4,164854,Bullseye Glass Sapphire Blue Transparent Tint,Half Sheet,HIGH,78,"Half, 10x10",None,10x10 ZERO with 41 sales/yr
5,163639,Bullseye Glass Dark Amber Transparent,Half Sheet,HIGH,72,Half,None,10x10 at 33 days only
6,9248,Bullseye Glass Warm White Opalescent,Half Sheet,HIGH,59,Half,None,Half ZERO with 12 sales/yr
7,161124,Bullseye Glass White Opal Dark Brown Streaky,Half Sheet,HIGH,58,"Half, 10x10, 5x10, 5x5",None,ALL sizes ZERO
8,164859,Bullseye Glass Turquoise Blue Transparent Tint,Half Sheet,HIGH,56,"Half, 10x10",None,10x10 ZERO with 27 sales/yr
9,12151,Bullseye Glass Butterscotch Opalescent,Half Sheet,MEDIUM,55,Half,None,Half ZERO - others OK
10,9882,Bullseye Glass Light Pink Transparent,Half Sheet,HIGH,54,"Half, 10x10, 5x10, 5x5",None,ALL sizes ZERO
11,16396,Bullseye Glass Cranberry Pink Transparent,Half Sheet,HIGH,51,"10x10, 5x10, 5x5",None,ALL sizes ZERO - no Half exists
12,6022,Bullseye Glass Medium Amber White Streaky,Half Sheet,MEDIUM,50,Half,None,Half ZERO - others OK - no cutting needed
13,16321,Bullseye Glass Pink Opalescent,Half Sheet,HIGH,48,"Half, 10x10",None,10x10 ZERO - all sizes low
14,6102,Bullseye Glass Cranberry Pink White Streaky,Half Sheet,MEDIUM,47,Half,None,Half ZERO
15,170968,Bullseye Glass White Opal Deep Forest Green Caramel Opal Streaky,Half Sheet,URGENT,45,Half,None,10x10 at 14 days - URGENT
16,8414,Bullseye Glass Light Amber Transparent,Half Sheet,MEDIUM,43,Half,None,Half ZERO - others OK - no cutting needed
17,15054,Bullseye Glass Azure Blue & Jade Green Opalescent Neo-Lavender Shift Transparent Streaky,Half Sheet,MEDIUM,42,Half,None,Half ZERO - 10x10 at 42 days
18,181760,Bullseye Glass Special Production White with Black Wispy Streaks,Half Sheet,HIGH,40,"Half, 10x10, 5x10, 5x5",None,ALL sizes ZERO
19,16351,Bullseye Glass Olive Green Transparent,Half Sheet,HIGH,39,"Half, 10x10",None,10x10 ZERO - 5x10 at 28 days
20,3600,Bullseye Glass Salmon Pink Opalescent,Half Sheet,URGENT,38,Half,None,10x10 at 26 days - URGENT
21,4393,Bullseye Glass Gold Purple Opalescent,Half Sheet,HIGH,37,"Half, 10x10, 5x10, 5x5",None,ALL sizes ZERO
22,9709,Bullseye Glass Violet Transparent,Half Sheet,HIGH,36,"Half, 10x10, 5x10, 5x5",None,ALL sizes ZERO
23,152693,Bullseye Glass Turquoise Blue Transparent Rainbow Iridescent,Half Sheet,MEDIUM,33,Half,Cut 2x5x10->4x5x5,5x10 overstocked - cut to 5x5
24,156048,Bullseye Glass Ruby Pink Transparent Tint,Half Sheet,HIGH,30,"Half, 10x10, 5x10, 5x5",None,ALL sizes ZERO
25,181887,Bullseye Glass Special Production Powder Blue Opalescent with Blue Transparent,Half Sheet,HIGH,30,"Half, 10x10, 5x10",None,Half 10x10 5x10 ZERO
26,182018,Bullseye Glass Special Production Spring Green with White Streaky,Half Sheet,MEDIUM,30,"Half, 10x10",None,10x10 ZERO
27,6964,Bullseye Glass Plum Opalescent,Half Sheet,MEDIUM,29,Half,None,Half ZERO - others OK - no cutting needed
28,182028,Bullseye Glass Special Production Copper Blue and White with Dusty Blue Infusion,Half Sheet,HIGH,29,"Half, 10x10, 5x10",None,Half 10x10 5x10 ZERO
29,163634,Bullseye Glass Variegated Salmon Pink Opalescent,Half Sheet,HIGH,29,"Half, 10x10, 5x10, 5x5",None,ALL sizes ZERO
30,15049,Bullseye Glass Fuchsia Transparent,Half Sheet,HIGH,28,"Half, 10x10, 5x10, 5x5",None,ALL sizes ZERO
31,182023,Bullseye Glass Special Production White With Aventurine Drizzle,Half Sheet,HIGH,28,"Half, 10x10, 5x10",None,Half 10x10 5x10 ZERO
32,170963,Bullseye Glass White Orange Opal Deep Forest Green Streaky,Half Sheet,MEDIUM,28,Half,Cut 1x10x10->2x5x10 then 1x5x10->2x5x5,Cascade cut from overstocked 10x10
33,182356,Bullseye Glass Special Production Deep Royal Blue Transparent with Light Cyan Opal Streaky,Half Sheet,MEDIUM,27,"Half, 10x10",None,10x10 ZERO
34,179493,Bullseye Glass Lemon Yellow White Gold-Pink Mottle Mix,Half Sheet,HIGH,26,"Half, 10x10, 5x10, 5x5",None,ALL sizes ZERO
35,181878,Bullseye Glass Special Production Gray Blue Tint with Gray Opalescent Graffiti,Half Sheet,MEDIUM,26,"Half, 10x10",None,10x10 ZERO
36,10037,Bullseye Glass Clear White & Black Streaky,Half Sheet,URGENT,24,Half,None,10x10 at 19 days - URGENT
37,181882,Bullseye Glass Special Production Chartreuse Transparent with White,Half Sheet,MEDIUM,23,Half,None,Half ZERO - others OK - no cutting needed
38,181770,Bullseye Glass Special Production French Vanilla Opalescent with Powder Blue Opalescent,Half Sheet,MEDIUM,23,"Half, 10x10",None,10x10 ZERO
39,156460,Bullseye Glass Clear Transparent Prismatic Texture,Half Sheet,HIGH,22,"Half, 10x10, 5x10",None,Half 10x10 5x10 ZERO
40,182362,Bullseye Glass Special Production Clear with Glacial Blue Opal Streaky,Half Sheet,MEDIUM,22,"Half, 10x10",None,10x10 ZERO
41,15598,Bullseye Glass Light Sky Blue Transparent Rainbow Iridescent,Half Sheet,MEDIUM,20,Half,None,Half ZERO - 10x10 at 45 days
42,153056,Bullseye Glass Coral Orange Transparent Tint,Half Sheet,MEDIUM,19,"Half, 10x10",Cut 1x5x10->2x5x5,5x5 at 73 days - cut from 5x10
43,155482,Bullseye Glass Light Turquoise Blue Transparent Rainbow Iridescent,Half Sheet,LOW,12,"Half, 10x10",None,10x10 ZERO
44,158138,Bullseye Glass Steel Blue Transparent Rainbow Iridescent,Half Sheet,LOW,8,Half,None,Half ZERO - others OK - no cutting needed
45,156470,Bullseye Glass Pine Green Transparent Rainbow Iridescent,Half Sheet,LOW,5,10x10,None,10x10 ZERO - no Half exists
46,162758,Bullseye Glass Assortment Transparent,Half Sheet,LOW,3,"10x10, 5x10",None,Low priority - only 3 sales/yr
