Priority,Parent_ID,Glass_Type,Total_Sales,Cut_Instructions,Half_Before,Half_After,Half_Sales,10x10_Before,10x10_After,10x10_Sales,5x10_Before,5x10_After,5x10_Sales,5x5_Before,5x5_After,5x5_Sales
1,308,Bullseye Glass Black Opalescent Double-rolled COE90 - Size,317,Cut 1 Half -> 2x10x10 + 2x5x10 x3,51,48,29,469,475,192,12,18,65,37,37,31
2,152086,Bullseye Glass Dense White Opalescent Double-Rolled COE90 - ,207,Cut 1 Half -> 2x10x10 + 2x5x10 x15 | Cut 1x5x10 -> 2x5x5,18,3,22,0,30,117,0,29,46,4,6,22
3,470,Bullseye Glass French Vanilla Opalescent Double-rolled COE90,176,Cut 1 Half -> 2x10x10 + 2x5x10 x10,14,4,25,9,29,109,75,95,26,20,20,16
4,181596,Bullseye Glass Aventurine Bronze Transparent Double-rolled C,172,Cut 1 Half -> 2x10x10 + 2x5x10 x7,8,1,17,9,23,85,9,23,42,13,13,28
5,445,Bullseye Glass Red Opalescent Double-rolled COE90 - Size,169,Cut 1 Half -> 2x10x10 + 2x5x10 x7,7,0,8,1,15,102,3,17,48,16,16,11
6,905,Bullseye Glass Red Transparent Double-rolled COE90 - Size,161,Cut 1 Half -> 2x10x10 + 2x5x10 x7 | Cut 1x5x10 -> 2x5x5,7,0,9,0,14,89,10,23,38,5,7,25
7,703,Bullseye Glass Clear Transparent Double-rolled COE90 - Size,151,Cut 1 Half -> 2x10x10 + 2x5x10 x10,10,0,19,0,20,83,14,34,39,13,13,10
8,8394,Bullseye Glass Aqua Blue Transparent Tint Double-rolled COE9,135,Cut 1 Half -> 2x10x10 + 2x5x10,8,7,11,14,16,64,9,11,38,8,8,22
9,9100,Bullseye Glass Aqua Blue Tint & White Streaky Double-rolled ,132,Cut 1 Half -> 2x10x10 + 2x5x10 x3,3,0,17,0,6,66,0,6,31,6,6,18
10,153129,Bullseye Glass Carribean Blue Transparent Double-rolled COE9,125,Cut 1 Half -> 2x10x10 + 2x5x10 x2,7,5,7,16,20,66,7,11,40,17,17,12
11,163629,Bullseye Glass Robin&#39s Egg Blue Opalescent Double-rolled ,124,Cut 1 Half -> 2x10x10 + 2x5x10 x4,12,8,21,9,17,63,11,19,29,10,10,11
12,857,Bullseye Glass Turquoise Blue Transparent Double-rolled COE9,121,Cut 1 Half -> 2x10x10 + 2x5x10,6,5,14,20,22,49,9,11,42,15,15,16
13,8304,Bullseye Glass Canary Yellow Opalescent Double-rolled COE90 ,115,Cut 1 Half -> 2x10x10 + 2x5x10 x3,5,2,9,8,14,51,4,10,30,1,1,25
14,8125,Bullseye Glass Yellow Transparent Double-rolled COE90 - Size,111,Cut 1 Half -> 2x10x10 + 2x5x10 x4 | Cut 1x10x10 -> 4x5x5,7,3,7,15,22,57,1,9,31,0,4,16
15,827,Bullseye Glass Aventurine Green Transparent Double-rolled CO,107,Cut 1 Half -> 2x10x10 + 2x5x10 x4,4,0,3,11,19,53,2,10,36,12,12,15
16,8184,Bullseye Glass Garnet Red Transparent Double-rolled COE90 - ,103,Cut 1 Half -> 2x10x10 + 2x5x10,8,7,14,11,13,46,7,9,33,16,16,10
17,457,Bullseye Glass Spring Green Opalescent Double-rolled COE90 -,102,Cut 1 Half -> 2x10x10 + 2x5x10 x3,13,10,10,9,15,47,2,8,31,4,4,14
18,6988,Bullseye Glass Clear Turquoise Blue White Streaky Double-rol,101,Cut 1 Half -> 2x10x10 + 2x5x10 x3,11,8,19,8,14,55,38,44,20,13,13,7
19,175067,Bullseye Glass Peacock Blue White Opal Streaky Double-rolled,101,Cut 1 Half -> 2x10x10 + 2x5x10 x3,5,2,15,6,12,41,9,15,25,6,6,20
20,159122,Bullseye Glass Petrified Wood Streaky Double-rolled COE90 - ,100,Cut 1 Half -> 2x10x10 + 2x5x10,3,2,9,21,23,48,8,10,33,9,9,10
21,163624,Bullseye Glass Glacier Blue Opalescent Double-rolled COE90 -,97,Cut 1 Half -> 2x10x10 + 2x5x10 x5,6,1,5,5,15,58,5,15,24,8,8,10
22,3973,Bullseye Glass Deep Red Opalescent Double-rolled COE90 - Siz,96,Cut 1 Half -> 2x10x10 + 2x5x10 x4,4,0,8,4,12,39,0,8,29,5,5,20
23,401,Bullseye Glass Turquoise Blue Opalescent Double-rolled COE90,96,Cut 1 Half -> 2x10x10 + 2x5x10,1,0,18,11,13,52,3,5,18,8,8,8
24,168528,Bullseye Glass Amethyst Transparent Double-rolled COE90 - Si,95,Cut 1 Half -> 2x10x10 + 2x5x10 x2,5,3,5,8,12,48,8,12,22,6,6,20
25,16336,Bullseye Glass Aquamarine Blue Transparent Double-Rolled COE,94,Cut 1 Half -> 2x10x10 + 2x5x10 x2,5,3,4,13,17,44,3,7,28,4,4,18
26,388,Bullseye Glass White Opalescent Double-rolled COE90 - Size,92,Cut 1 Half -> 2x10x10 + 2x5x10,1,0,9,0,2,54,34,36,21,14,14,8
27,2530,Bullseye Glass Deep Royal Blue Transparent Double-rolled COE,86,Cut 1 Half -> 2x10x10 + 2x5x10 x2,2,0,9,0,4,38,0,4,27,2,2,12
28,16306,Bullseye Glass Dark Forest Green Opalescent Double-rolled CO,85,Cut 1 Half -> 2x10x10 + 2x5x10 x3,3,0,2,0,6,46,1,7,27,10,10,10
29,7016,Bullseye Glass Aventurine Blue Transparent Double-rolled COE,83,Cut 1 Half -> 2x10x10 + 2x5x10,4,3,18,14,16,40,3,5,14,5,5,11
30,9104,Bullseye Glass Deep Royal Purple Transparent Double-rolled C,75,Cut 1 Half -> 2x10x10 + 2x5x10 x3,4,1,1,4,10,40,3,9,21,4,4,13
31,159865,Bullseye Glass French Vanilla Light Turquoise Blue Infusion ,75,Cut 1 Half -> 2x10x10 + 2x5x10 x2,5,3,15,11,15,41,2,6,19,0,0,0
32,8084,Bullseye Glass Clear Aventurine Blue Streaky Rainbow Iridesc,73,Cut 1 Half -> 2x10x10 + 2x5x10 x3,3,0,3,0,6,44,4,10,16,5,5,10
33,6968,Bullseye Glass Clear Egyptian Blue Opal Streaky Double-rolle,72,Cut 1 Half -> 2x10x10 + 2x5x10 x4,4,0,4,1,9,40,28,36,14,11,11,14
34,530,Bullseye Glass Deep Cobalt Blue Opalescent Double-rolled COE,71,Cut 1 Half -> 2x10x10 + 2x5x10,6,5,5,7,9,35,4,6,18,3,3,13
35,16381,Bullseye Glass Marigold Yellow Transparent Double-rolled COE,71,Cut 1 Half -> 2x10x10 + 2x5x10,1,0,2,4,6,35,0,2,24,1,1,10
36,9704,Bullseye Glass Kelly Green Transparent Double-rolled COE90 -,70,Cut 1 Half -> 2x10x10 + 2x5x10,1,0,1,0,2,33,0,2,21,0,0,15
37,10813,Bullseye Glass Light Orange Transparent Double-rolled COE90 ,69,Cut 1 Half -> 2x10x10 + 2x5x10,4,3,2,9,11,29,5,7,24,3,3,14
38,6074,Bullseye Glass Woodland Brown Opal Ivory Black Streaky Doubl,69,Cut 1 Half -> 2x10x10 + 2x5x10 x2,3,1,1,12,16,33,3,7,27,5,5,8
39,9244,Bullseye Glass Cream Opalescent Double-rolled COE90 - Size,67,Cut 1 Half -> 2x10x10 + 2x5x10,1,0,8,8,10,40,11,13,10,9,9,9
40,8087,Bullseye Glass Clear Aventurine Blue Streaky Double-rolled C,65,Cut 1 Half -> 2x10x10 + 2x5x10 x3,6,3,8,6,12,42,4,10,10,6,6,5
41,8406,Bullseye Glass Translucent White Opalescent Double-rolled CO,63,Cut 1 Half -> 2x10x10 + 2x5x10,3,2,12,6,8,32,24,26,9,11,11,10
42,9857,Bullseye Glass Mint Green Opalescent Double-rolled COE90 - S,62,Cut 1 Half -> 2x10x10 + 2x5x10,1,0,6,6,8,31,4,6,17,4,4,8
43,9724,Bullseye Glass Light Peach Cream Opalescent Double-rolled CO,61,Cut 1 Half -> 2x10x10 + 2x5x10 x3,3,0,3,0,6,32,5,11,17,5,5,9
44,169091,Bullseye Glass White Pink Opal Streaky Double-rolled COE90 -,61,Cut 1 Half -> 2x10x10 + 2x5x10,1,0,4,0,2,24,0,2,16,0,0,17
45,3967,Bullseye Glass Cobalt Blue Opalescent Double-rolled COE90 - ,58,Cut 1 Half -> 2x10x10 + 2x5x10,4,3,2,8,10,28,3,5,17,3,3,11
46,8129,Bullseye Glass Orange Transparent Double-rolled COE90 - Size,56,Cut 1 Half -> 2x10x10 + 2x5x10,2,1,3,12,14,24,4,6,17,7,7,12
47,16371,Bullseye Glass Sea Blue Transparent Double-rolled COE90 - Si,56,Cut 1 Half -> 2x10x10 + 2x5x10 x2,3,1,2,5,9,30,12,16,15,7,7,9
48,3991,Bullseye Glass Light Aventurine Green Transparent Double-rol,54,Cut 1 Half -> 2x10x10 + 2x5x10 x2,5,3,9,6,10,35,11,15,6,5,5,4
49,175703,Bullseye Glass Warm White Light Amber Streaky Double-rolled ,52,Cut 1 Half -> 2x10x10 + 2x5x10,4,3,7,7,9,33,13,15,8,9,9,4
50,6822,Bullseye Glass Reactive Cloud Opalescent Double-rolled COE90,51,Cut 1 Half -> 2x10x10 + 2x5x10 x2,2,0,1,1,5,37,9,13,9,7,7,4
51,8360,Bullseye Glass Egyptian Blue Opalescent Double-rolled COE90 ,50,Cut 1 Half -> 2x10x10 + 2x5x10 x2,4,2,2,6,10,28,0,4,15,4,4,5
52,160997,Bullseye Glass Leaf Green Transparent Double-rolled COE90 - ,50,Cut 1 Half -> 2x10x10 + 2x5x10,5,4,3,13,15,19,3,5,17,5,5,11
53,166670,Bullseye Glass Light Green White Opal Streaky Double-rolled ,50,Cut 1 Half -> 2x10x10 + 2x5x10 x2,2,0,2,2,6,33,7,11,9,2,2,6
54,168543,Bullseye Glass Clear with White and Black Graffiti Double-ro,49,Cut 1 Half -> 2x10x10 + 2x5x10 x4,6,2,5,0,8,27,0,8,17,0,0,0
55,164864,Bullseye Glass Ming Green Transparent Tint Double-rolled COE,49,Cut 1 Half -> 2x10x10 + 2x5x10,1,0,8,2,4,16,5,7,21,10,10,4
56,160903,Bullseye Glass Blue Opal Plum Streaky Double-rolled COE90 - ,48,Cut 1 Half -> 2x10x10 + 2x5x10 x2,2,0,2,2,6,25,5,9,13,3,3,8
57,16356,Bullseye Glass Fern Green Transparent Double-rolled COE90 - ,46,Cut 1 Half -> 2x10x10 + 2x5x10 x3,3,0,1,0,6,29,7,13,11,8,8,5
58,169757,Bullseye Glass Copper Blue White Opal Double-rolled COE90 - ,44,Cut 1 Half -> 2x10x10 + 2x5x10 x3,3,0,3,2,8,28,11,17,8,6,6,5
59,168538,Bullseye Glass White Aventurine Green Streaky Double-rolled ,44,Cut 1 Half -> 2x10x10 + 2x5x10,1,0,4,3,5,32,3,5,8,5,5,0
60,161789,Bullseye Glass White Opal Salmon Pink Opal Streaky Double-ro,44,Cut 1 Half -> 2x10x10 + 2x5x10,1,0,2,5,7,24,6,8,11,5,5,7
61,161799,Bullseye Glass White Deep Royal Purple Cranberry Pink Streak,44,Cut 1 Half -> 2x10x10 + 2x5x10 x2,2,0,1,0,4,17,0,4,13,4,4,13
62,8840,Bullseye Glass French Vanilla Opal with Light Turquoise Blue,43,Cut 1 Half -> 2x10x10 + 2x5x10 x2,2,0,2,2,6,17,3,7,15,3,3,9
63,163794,Bullseye Glass Mint Opal Deep Forest Green Opal Streaky Doub,43,Cut 1 Half -> 2x10x10 + 2x5x10 x3,3,0,1,0,6,27,1,7,11,6,6,4
64,10017,Bullseye Glass Artichoke Opalescent Double-rolled COE90 - Si,42,Cut 1 Half -> 2x10x10 + 2x5x10 x2,3,1,2,4,8,27,14,18,8,11,11,5
65,4387,Bullseye Glass Burnt Orange Opalescent Double-rolled COE90 -,42,Cut 1 Half -> 2x10x10 + 2x5x10,5,4,4,11,13,16,3,5,15,5,5,7
66,9699,Bullseye Glass Clear Black Opal Streaky Double-rolled COE90 ,42,Cut 1 Half -> 2x10x10 + 2x5x10 x3,3,0,4,2,8,27,21,27,3,6,6,8
67,8428,Bullseye Glass Deco Gray Opalescent Double-rolled COE90 - Si,42,Cut 1 Half -> 2x10x10 + 2x5x10 x3,3,0,0,0,6,23,0,6,13,2,2,6
68,6972,Bullseye Glass White Orange Opal Streaky Double-rolled COE90,42,Cut 1 Half -> 2x10x10 + 2x5x10 | Cut 1x10x10 -> 2x5x10 | Cut 1x10x10 -> 4x5x5,1,0,6,8,8,16,0,4,12,1,5,8
69,8317,Bullseye Glass Yellow Opalescent Deep Forest Green Streaky D,42,Cut 1 Half -> 2x10x10 + 2x5x10 | Cut 1x5x10 -> 2x5x5,2,1,2,4,6,19,3,4,11,1,3,10
70,8356,Bullseye Glass Neo-Lavender Shift Transparent Double-rolled ,40,Cut 1 Half -> 2x10x10 + 2x5x10,3,2,3,7,9,10,4,6,19,9,9,8
71,179973,Bullseye Glass Pistachio Opalescent Double-rolled COE90 - Si,40,Cut 1 Half -> 2x10x10 + 2x5x10,1,0,1,6,8,26,3,5,8,3,3,5
72,512,Bullseye Glass Teal Green Opalescent Double-rolled COE90 - S,38,Cut 1 Half -> 2x10x10 + 2x5x10,2,1,1,10,12,14,3,5,18,7,7,5
73,1106,Bullseye Glass Crystal Clear Transparent Double-rolled COE90,37,Cut 1 Half -> 2x10x10 + 2x5x10,4,3,0,15,17,10,2,4,16,7,7,11
74,161794,Bullseye Glass White Opal Cranberry Pink Streaky Double-roll,37,Cut 1 Half -> 2x10x10 + 2x5x10 x2,3,1,1,7,11,17,0,4,13,5,5,6
75,8364,Bullseye Glass White Opalescent Rainbow Iridescent Double-ro,37,Cut 1 Half -> 2x10x10 + 2x5x10 x3,4,1,4,0,6,20,8,14,8,9,9,5
76,5958,Bullseye Glass Clear Spring Green Opal Streaky Double-rolled,36,Cut 1 Half -> 2x10x10 + 2x5x10,3,2,3,12,14,16,2,4,9,4,4,8
77,146032,Bullseye Glass Light Aquamarine Blue Transparent Rainbow Iri,36,Cut 1 Half -> 2x10x10 + 2x5x10,1,0,4,0,2,19,3,5,9,5,5,4
78,6050,Bullseye Glass Caribbean Blue White Streaky Double-rolled CO,35,Cut 1 Half -> 2x10x10 + 2x5x10,1,0,5,2,4,14,5,7,9,3,3,7
79,15613,Bullseye Glass Cranberry Pink Royal Blue Spring Green White ,35,Cut 1 Half -> 2x10x10 + 2x5x10,1,0,5,2,4,10,3,5,13,3,3,7
80,8925,Bullseye Glass Elephant Gray Opalescent Double-rolled COE90 ,35,Cut 1 Half -> 2x10x10 + 2x5x10,1,0,2,3,5,18,2,4,10,3,3,5
81,16441,Bullseye Glass Soft Yellow Opal Deep Red Streaky Double-roll,35,Cut 1 Half -> 2x10x10 + 2x5x10 | Cut 1x10x10 -> 2x5x10,1,0,5,12,13,18,0,4,9,3,3,3
82,15044,Bullseye Glass Tan Transparent Double-rolled COE90 - Size,35,Cut 1 Half -> 2x10x10 + 2x5x10 x2 | Cut 1x5x10 -> 2x5x5,3,1,0,1,5,18,1,4,9,1,3,8
83,172007,Bullseye Glass Peacock Blue Transparent Rainbow Iridescent D,34,Cut 1 Half -> 2x10x10 + 2x5x10,1,0,3,1,3,23,10,12,6,9,9,2
84,8436,Bullseye Glass Light Bronze Transparent Double-rolled COE90 ,33,Cut 1 Half -> 2x10x10 + 2x5x10,2,1,1,4,6,23,12,14,2,7,7,7
85,152693,Bullseye Glass Turquoise Blue Transparent Rainbow Iridescent,33,Cut 1x5x10 -> 2x5x5,0,0,2,3,3,15,13,12,5,2,4,11
86,16361,Bullseye Glass Light Plum Transparent Double-rolled COE90 - ,32,Cut 1 Half -> 2x10x10 + 2x5x10,2,1,3,2,4,15,4,6,6,3,3,8
87,158750,Bullseye Glass Emerald Green Transparent Rainbow Iridescent ,30,Cut 1 Half -> 2x10x10 + 2x5x10 x2,2,0,0,0,4,18,6,10,7,10,10,5
88,15593,Bullseye Glass Light Coral Transparent Double-rolled COE90 -,30,Cut 1 Half -> 2x10x10 + 2x5x10,2,1,1,5,7,10,1,3,10,4,4,9
89,16451,Bullseye Glass Olive Green Opal Forest Green Deep Brown Stre,30,Cut 1 Half -> 2x10x10 + 2x5x10 x2 | Cut 1x10x10 -> 4x5x5,3,1,1,4,7,11,1,5,13,1,5,5
90,6839,Bullseye Glass Turquoise Blue Deep Royal Blue Streaky Double,30,Cut 1x5x10 -> 2x5x5,2,2,8,7,7,12,5,4,5,1,3,5
91,8410,Bullseye Glass Light Silver Gray Transparent Double-rolled C,29,Cut 1 Half -> 2x10x10 + 2x5x10,2,1,1,4,6,17,5,7,8,5,5,3
92,170963,Bullseye Glass White Orange Opal Deep Forest Green Streaky D,28,Cut 1x5x10 -> 2x5x5,0,0,7,7,7,7,4,3,6,1,3,8
93,172126,Bullseye Glass Lavender Opalescent Double-rolled COE90 - Siz,27,Cut 1 Half -> 2x10x10 + 2x5x10,2,1,0,3,5,16,2,4,6,3,3,5
94,172131,Bullseye Glass Powder Blue Opal Marine Blue Trans Double-rol,27,Cut 1 Half -> 2x10x10 + 2x5x10,1,0,3,2,4,16,8,10,6,9,9,2
95,16386,Bullseye Glass Sunset Coral Transparent Double-rolled COE90 ,27,Cut 1 Half -> 2x10x10 + 2x5x10,1,0,2,0,2,12,0,2,10,2,2,3
96,179475,Bullseye Glass White Turquoise Lime Green Gold Pink Mottle M,27,Cut 1 Half -> 2x10x10 + 2x5x10 x2,2,0,0,0,4,12,0,4,7,3,3,8
97,155897,Bullseye Glass Carribean Blue Transparent Rainbow Iridescent,26,Cut 1 Half -> 2x10x10 + 2x5x10,4,3,0,2,4,11,7,9,6,6,6,9
98,6010,Bullseye Glass Charcoal Gray White Streaky Double-rolled COE,26,Cut 1 Half -> 2x10x10 + 2x5x10 | Cut 1x10x10 -> 4x5x5,2,1,0,3,4,10,0,2,7,1,5,9
99,163659,Bullseye Glass Light Bronze Transparent Gold Iridescent Doub,26,Cut 1 Half -> 2x10x10 + 2x5x10 x2,3,1,1,1,5,13,6,10,9,5,5,3
100,16416,Bullseye Glass Moss Green Opalescent Double-rolled COE90 - S,26,Cut 1 Half -> 2x10x10 + 2x5x10,2,1,1,2,4,14,2,4,7,7,7,4
101,171312,Bullseye Glass Red Opal White Opal Streaky Double-rolled COE,26,Cut 1 Half -> 2x10x10 + 2x5x10 | Cut 1x5x10 -> 2x5x5,3,2,3,2,4,11,4,5,4,0,2,8
102,16456,Bullseye Glass Cranberry Pink Azure Blue White Streaky Doubl,25,Cut 1 Half -> 2x10x10 + 2x5x10,2,1,2,4,6,13,1,3,6,7,7,4
103,156043,Bullseye Glass Erbium Pink Transparent Tint Double-rolled CO,25,Cut 1 Half -> 2x10x10 + 2x5x10 x2,2,0,0,6,10,5,0,4,13,4,4,7
104,161099,Bullseye Glass Lily Pad Green Transparent Double-rolled COE9,25,Cut 1 Half -> 2x10x10 + 2x5x10 x2,4,2,1,1,5,13,3,7,8,3,3,3
105,146037,Bullseye Glass Spruce Green Transparent Tint Double-rolled C,25,Cut 1 Half -> 2x10x10 + 2x5x10,2,1,2,3,5,19,41,43,1,18,18,3
106,16331,Bullseye Glass Umber Opalescent Double-rolled COE90 - Size,25,Cut 1 Half -> 2x10x10 + 2x5x10,1,0,1,1,3,10,0,2,10,5,5,4
107,155487,Bullseye Glass Burnt Scarlet Transparent Tint Double-rolled ,24,Cut 1x10x10 -> 4x5x5,0,0,0,4,3,5,2,2,7,0,4,12
108,156038,Bullseye Glass Grass Green Transparent Tint Double-rolled CO,24,Cut 1 Half -> 2x10x10 + 2x5x10,3,2,2,2,4,12,3,5,5,3,3,5
109,153140,Bullseye Glass Alchemy Clear Transparent Silver to Gold Doub,23,Cut 1 Half -> 2x10x10 + 2x5x10 | Cut 1x10x10 -> 2x5x10,1,0,0,3,4,8,0,4,12,3,3,3
110,6984,Bullseye Glass Olive Green Opal Forest Green Streaky Double-,23,Cut 1 Half -> 2x10x10 + 2x5x10 | Cut 1x10x10 -> 4x5x5,3,2,0,2,3,8,0,2,7,1,5,8
111,9714,Bullseye Glass Red Transparent Rainbow Iridescent Double-rol,23,Cut 1 Half -> 2x10x10 + 2x5x10 | Cut 1x10x10 -> 2x5x10,1,0,0,2,3,8,0,4,13,8,8,2
112,169737,Bullseye Glass Pewter Transparent Double-rolled COE90 - Size,22,Cut 1 Half -> 2x10x10 + 2x5x10,2,1,0,2,4,11,4,6,8,6,6,3
113,16421,Bullseye Glass Pine Green Transparent Double-rolled COE90 - ,22,Cut 1 Half -> 2x10x10 + 2x5x10,2,1,1,1,3,10,0,2,7,2,2,4
114,16466,Bullseye Glass Cranberry Pink Gold Purple White Streaky Doub,20,Cut 1 Half -> 2x10x10 + 2x5x10,1,0,1,7,9,2,0,2,8,5,5,9
115,153114,Bullseye Glass Light Pink Transparent Rainbow Iridescent Dou,20,Cut 1 Half -> 2x10x10 + 2x5x10,3,2,3,0,2,6,3,5,10,8,8,1
116,15588,Bullseye Glass Sienna Transparent Double-Rolled COE90 - Size,20,Cut 1 Half -> 2x10x10 + 2x5x10,2,1,2,3,5,10,0,2,6,5,5,2
117,169141,Bullseye Glass Clear Rainbow Mardi Gras COE90 - Size,19,Cut 1 Half -> 2x10x10 + 2x5x10,4,3,0,6,8,10,1,3,9,0,0,0
118,153056,Bullseye Glass Coral Orange Transparent Tint Double-rolled C,19,Cut 1x5x10 -> 2x5x5,0,0,3,0,0,8,2,1,3,1,3,5
119,152708,Bullseye Glass Ruby Red Transparent Tint Double-rolled COE90,19,Cut 1 Half -> 2x10x10 + 2x5x10 x2,2,0,1,0,4,10,4,8,4,1,1,4
120,179487,Bullseye Glass White Gold Pink Mottle Mix Single-rolled Non-,19,Cut 1 Half -> 2x10x10 + 2x5x10,2,1,0,1,3,7,0,2,8,3,3,4
121,16461,Bullseye Glass Cranberry Pink Emerald Green White Streaky Do,18,Cut 1 Half -> 2x10x10 + 2x5x10,1,0,1,2,4,9,9,11,5,4,4,3
122,16316,Bullseye Glass Golden Green Opalescent Double-rolled COE90 -,18,Cut 1x5x10 -> 2x5x5,2,2,1,3,3,4,3,2,4,1,3,9
123,8081,Bullseye Glass Clear Transparent with Black Chopstix Rainbow,17,Cut 1 Half -> 2x10x10 + 2x5x10,2,1,0,0,2,8,4,6,9,0,0,0
124,180037,Bullseye Glass Special Production Orange Opal with Black Str,17,Cut 1 Half -> 2x10x10 + 2x5x10,3,2,1,13,15,10,0,2,6,0,0,0
125,158740,Bullseye Glass Clear Transparent Soft Ripple Texture COE90 -,16,Cut 1 Half -> 2x10x10 + 2x5x10,4,3,2,0,2,7,0,2,5,2,2,2
126,152454,Bullseye Glass Garnet Red Transparent Rainbow Iridescent Dou,16,Cut 1 Half -> 2x10x10 + 2x5x10,1,0,0,0,2,10,3,5,5,8,8,1
127,179469,Bullseye Glass Light Blue Cobalt Blue Mottle Mix Single-roll,16,Cut 1 Half -> 2x10x10 + 2x5x10,4,3,0,0,2,7,0,2,6,2,2,3
128,146042,Bullseye Glass Red Amber Transparent Tint Double-rolled COE9,16,Cut 1 Half -> 2x10x10 + 2x5x10,3,2,0,0,2,8,2,4,8,8,8,0
129,157396,Bullseye Glass Cranberry Royal Blue Spring Green Streaky Dou,15,Cut 1 Half -> 2x10x10 + 2x5x10,2,1,2,0,2,6,2,4,5,6,6,2
130,10012,Bullseye Glass Mink Opalescent Double-rolled COE90 - Size,15,Cut 1 Half -> 2x10x10 + 2x5x10,1,0,1,1,3,8,3,5,2,1,1,4
131,182350,Bullseye Glass Special Production Light Amber Transparent wi,15,Cut 1 Half -> 2x10x10 + 2x5x10 x2,3,1,1,0,4,10,7,11,3,7,7,1
132,171977,Bullseye Glass Black Opalescent Granite Ripple Texture COE90,14,Cut 1 Half -> 2x10x10 + 2x5x10,2,1,0,14,16,6,0,2,7,10,10,1
133,8196,Bullseye Glass Black Opalescent Rainbow Iridescent Double-ro,14,Cut 1 Half -> 2x10x10 + 2x5x10,5,4,1,5,7,8,0,2,2,3,3,3
134,161094,Bullseye Glass Leaf Green Transparent Rainbow Iridescent Dou,14,Cut 1 Half -> 2x10x10 + 2x5x10,3,2,0,6,8,5,1,3,5,6,6,4
135,3750,Bullseye Glass Light Pink Green and White Fractures Streamer,14,Cut 1 Half -> 2x10x10 + 2x5x10,1,0,3,0,2,5,2,4,6,0,0,0
136,15578,Bullseye Glass Deep Gray Opalescent Double-rolled COE90 - Si,13,Cut 1 Half -> 2x10x10 + 2x5x10 | Cut 1x5x10 -> 2x5x5,2,1,1,0,2,5,0,1,5,0,2,2
137,155892,Bullseye Glass Kelly Green Transparent Rainbow Iridescent Do,13,Cut 1 Half -> 2x10x10 + 2x5x10,2,1,1,1,3,8,5,7,3,6,6,1
138,179445,Bullseye Glass Medium Celery Emerald Green Mottle Mix Single,13,Cut 1 Half -> 2x10x10 + 2x5x10,4,3,0,0,2,7,0,2,4,1,1,2
139,179433,Bullseye Glass Patina Green Mottle Opalescent Single-rolled ,13,Cut 1 Half -> 2x10x10 + 2x5x10,4,3,1,3,5,7,0,2,5,4,4,0
140,182344,Bullseye Glass Special Production Opaline Opal with Light Cy,13,Cut 1 Half -> 2x10x10 + 2x5x10,4,3,0,0,2,3,1,3,8,6,6,2
141,180371,Bullseye Glass Special Production Spring Green Opal with Ora,13,Cut 1 Half -> 2x10x10 + 2x5x10,1,0,3,3,5,6,0,2,4,0,0,0
142,153366,Bullseye Glass Neo-Lavender Shift Transparent Rainbow Irides,12,Cut 1 Half -> 2x10x10 + 2x5x10,1,0,0,0,2,9,8,10,2,7,7,1
143,6834,Bullseye Glass Reactive Ice Clear Transparent Double-rolled ,12,Cut 1 Half -> 2x10x10 + 2x5x10 x2,2,0,0,0,4,10,13,17,2,12,12,0
144,157381,Bullseye Glass Clear Transparent Reed Texture Rainbow Irides,11,Cut 1 Half -> 2x10x10 + 2x5x10,1,0,1,8,10,4,0,2,4,2,2,2
145,154462,Bullseye Glass Light Amber Transparent Tint Double-rolled  C,11,Cut 1 Half -> 2x10x10 + 2x5x10,3,2,0,2,4,5,1,3,5,5,5,1
146,159082,Bullseye Glass Light Silver Gray Transparent Silver Iridesce,11,Cut 1x5x10 -> 2x5x5,2,2,0,3,3,4,3,2,2,0,2,5
147,154457,Bullseye Glass Yellow Transparent Rainbow Iridescent Double-,10,Cut 1 Half -> 2x10x10 + 2x5x10,3,2,0,4,6,5,1,3,5,3,3,0
148,158735,Bullseye Glass Black Opalescent Prismatic Texture Iridescent,9,Cut 1x5x10 -> 2x5x5,1,1,0,10,10,1,2,1,3,1,3,5
149,179505,Bullseye Glass White Olive Green Gold Pink Mottle Mix Single,8,Cut 1 Half -> 2x10x10 + 2x5x10,2,1,0,6,8,4,0,2,3,1,1,1
150,10042,Bullseye Glass Black Fractures with Black Streamers on Clear,7,Cut 1 Half -> 2x10x10 + 2x5x10,2,1,0,6,8,1,1,3,6,0,0,0
151,16401,Bullseye Glass Gold Purple Transparent Double-rolled COE90 -,7,Cut 1x5x10 -> 2x5x5,0,0,0,0,0,3,3,2,2,0,2,2
152,145988,Bullseye Glass Reactive Ice Transparent Rainbow Iridescent D,6,Cut 1 Half -> 2x10x10 + 2x5x10,2,1,0,1,3,5,2,4,1,4,4,0
153,8943,Bullseye Glass Clear Transparent Soft Ripple Texture Iridesc,5,Cut 1 Half -> 2x10x10 + 2x5x10 | Cut 1x5x10 -> 2x5x5,1,0,0,0,2,2,0,1,0,0,2,3
154,8300,Bullseye Glass Black Opalescent Silver Iridescent Double-rol,3,Cut 1 Half -> 2x10x10 + 2x5x10,4,3,0,6,8,1,0,2,2,0,0,0
155,156955,Bullseye Glass Clear Transparent Iridescent Patterned Double,3,Cut 1x10x10 -> 2x5x10,0,0,0,1,0,1,0,2,2,2,2,0
