Priority,Annual_Sales,Glass_Type,Source_Product,Source_Size,Sheets_to_Cut,Target_Product,Target_Size,Target_Pieces_Produced,Step_1,Step_2,Step_3,Final_Yield
1,105,6018,"Bullseye Glass Clear, White Streaky, Double-rolled, 3mm COE90 - Size Half Sheet",Half Sheet,13,"Bullseye Glass Clear, White Streaky, Double-rolled, 3mm COE90 - Size 10""x10""",10x10,26,Half Sheet (17x20) → Two 10x10 + Two 5x10 (waste: two 2x10 strips),,,"26× 10x10, 26× 5x10"
2,66,9100,"Bullseye Glass Aqua Blue Tint & White Streaky, Double-rolled, 3mm COE90 - Size Half Sheet",Half Sheet,3,"Bullseye Glass Aqua Blue Tint & White Streaky, Double-rolled, 3mm COE90 - Size 10""x10""",10x10,6,Half Sheet (17x20) → Two 10x10 + Two 5x10 (waste: two 2x10 strips),,,"6× 10x10, 6× 5x10"
3,54,388,"Bullseye Glass White Opalescent, Double-rolled, 3mm COE90 - Size Half Sheet",Half Sheet,1,"Bullseye Glass White Opalescent, Double-rolled, 3mm COE90 - Size 10""x10""",10x10,2,Half Sheet (17x20) → Two 10x10 + Two 5x10 (waste: two 2x10 strips),,,"2× 10x10, 2× 5x10"
4,38,2530,"Bullseye Glass Deep Royal Blue Transparent, Double-rolled, 3mm COE90 - Size Half Sheet",Half Sheet,2,"Bullseye Glass Deep Royal Blue Transparent, Double-rolled, 3mm COE90 - Size 10""x10""",10x10,4,Half Sheet (17x20) → Two 10x10 + Two 5x10 (waste: two 2x10 strips),,,"4× 10x10, 4× 5x10"
5,31,9100,"Bullseye Glass Aqua Blue Tint & White Streaky, Double-rolled, 3mm COE90 - Size Half Sheet",Half Sheet,2,"Bullseye Glass Aqua Blue Tint & White Streaky, Double-rolled, 3mm COE90 - Size 5""x10""",5x10,12,Half Sheet (17x20) → Two 10x10 + Two 5x10 (waste: two 2x10 strips),Each 10x10 → Two 5x10 pieces (2 sheets = 4 pieces),,12× 5x10
6,29,3973,"Bullseye Glass Deep Red Opalescent, Double-rolled, 3mm COE90 - Size 10""x10""",10x10,4,"Bullseye Glass Deep Red Opalescent, Double-rolled, 3mm COE90 - Size 5""x10""",5x10,8,10x10 → Two 5x10 pieces,,,8× 5x10
7,27,2530,"Bullseye Glass Deep Royal Blue Transparent, Double-rolled, 3mm COE90 - Size Half Sheet",Half Sheet,1,"Bullseye Glass Deep Royal Blue Transparent, Double-rolled, 3mm COE90 - Size 5""x10""",5x10,6,Half Sheet (17x20) → Two 10x10 + Two 5x10 (waste: two 2x10 strips),Each 10x10 → Two 5x10 pieces (2 sheets = 4 pieces),,6× 5x10
8,24,16381,"Bullseye Glass Marigold Yellow Transparent, Double-rolled, 3mm COE90 - Size 10""x10""",10x10,3,"Bullseye Glass Marigold Yellow Transparent, Double-rolled, 3mm COE90 - Size 5""x10""",5x10,6,10x10 → Two 5x10 pieces,,,6× 5x10
9,24,169091,"Bullseye Glass White, Pink Opal Streaky, Double-rolled, 3mm COE90 - Size Half Sheet",Half Sheet,1,"Bullseye Glass White, Pink Opal Streaky, Double-rolled, 3mm COE90 - Size 10""x10""",10x10,2,Half Sheet (17x20) → Two 10x10 + Two 5x10 (waste: two 2x10 strips),,,"2× 10x10, 2× 5x10"
10,19,146032,"Bullseye Glass Light Aquamarine Blue Transparent, Rainbow Iridescent, Double-rolled, 3mm COE90 - Size Half Sheet",Half Sheet,1,"Bullseye Glass Light Aquamarine Blue Transparent, Rainbow Iridescent, Double-rolled, 3mm COE90 - Size 10""x10""",10x10,2,Half Sheet (17x20) → Two 10x10 + Two 5x10 (waste: two 2x10 strips),,,"2× 10x10, 2× 5x10"
11,17,169091,"Bullseye Glass White, Pink Opal Streaky, Double-rolled, 3mm COE90 - Size Half Sheet",Half Sheet,1,"Bullseye Glass White, Pink Opal Streaky, Double-rolled, 3mm COE90 - Size 5""x5""",5x5,12,Half Sheet (17x20) → Two 10x10 + Two 5x10 (waste: two 2x10 strips),Each 10x10 → Four 5x5 pieces (2 sheets = 8 pieces),Each 5x10 → Two 5x5 pieces (2 sheets = 4 pieces),12× 5x5
12,16,8125,"Bullseye Glass Yellow Transparent, Double-rolled, 3mm COE90 - Size 5""x10""",5x10,1,"Bullseye Glass Yellow Transparent, Double-rolled, 3mm COE90 - Size 5""x5""",5x5,2,5x10 → Two 5x5 pieces,,,2× 5x5
13,16,169091,"Bullseye Glass White, Pink Opal Streaky, Double-rolled, 3mm COE90 - Size Half Sheet",Half Sheet,1,"Bullseye Glass White, Pink Opal Streaky, Double-rolled, 3mm COE90 - Size 5""x10""",5x10,6,Half Sheet (17x20) → Two 10x10 + Two 5x10 (waste: two 2x10 strips),Each 10x10 → Two 5x10 pieces (2 sheets = 4 pieces),,6× 5x10
14,13,9714,"Bullseye Glass Red Transparent, Rainbow Iridescent Double-rolled, 3mm COE90 - Size 10""x10""",10x10,2,"Bullseye Glass Red Transparent, Rainbow Iridescent Double-rolled, 3mm COE90 - Size 5""x10""",5x10,4,10x10 → Two 5x10 pieces,,,4× 5x10
15,12,155487,"Bullseye Glass Burnt Scarlet Transparent Tint, Double-rolled, 3mm COE90 - Size 5""x10""",5x10,2,"Bullseye Glass Burnt Scarlet Transparent Tint, Double-rolled, 3mm COE90 - Size 5""x5""",5x5,4,5x10 → Two 5x5 pieces,,,4× 5x5
16,12,153140,"Bullseye Glass Alchemy Clear Transparent, Silver to Gold, Double-rolled, 3mm COE90 - Size 10""x10""",10x10,2,"Bullseye Glass Alchemy Clear Transparent, Silver to Gold, Double-rolled, 3mm COE90 - Size 5""x10""",5x10,4,10x10 → Two 5x10 pieces,,,4× 5x10
17,12,6972,"Bullseye Glass White, Orange Opal Streaky, Double-rolled, 3mm COE90 - Size Half Sheet",Half Sheet,1,"Bullseye Glass White, Orange Opal Streaky, Double-rolled, 3mm COE90 - Size 5""x10""",5x10,6,Half Sheet (17x20) → Two 10x10 + Two 5x10 (waste: two 2x10 strips),Each 10x10 → Two 5x10 pieces (2 sheets = 4 pieces),,6× 5x10
18,11,181765,"Bullseye Glass Special Production White with Red Wispy Streaks, Double-rolled, 3mm COE90 - Size 10""x10""",10x10,1,"Bullseye Glass Special Production White with Red Wispy Streaks, Double-rolled, 3mm COE90 - Size 5""x10""",5x10,2,10x10 → Two 5x10 pieces,,,2× 5x10
19,10,16331,"Bullseye Glass Umber Opalescent, Double-rolled, 3mm COE90 - Size 10""x10""",10x10,1,"Bullseye Glass Umber Opalescent, Double-rolled, 3mm COE90 - Size 5""x10""",5x10,2,10x10 → Two 5x10 pieces,,,2× 5x10
20,9,16441,"Bullseye Glass Soft Yellow Opal, Deep Red Streaky, Double-rolled, 3mm COE90 - Size Half Sheet",Half Sheet,1,"Bullseye Glass Soft Yellow Opal, Deep Red Streaky, Double-rolled, 3mm COE90 - Size 5""x10""",5x10,6,Half Sheet (17x20) → Two 10x10 + Two 5x10 (waste: two 2x10 strips),Each 10x10 → Two 5x10 pieces (2 sheets = 4 pieces),,6× 5x10
21,8,171312,"Bullseye Glass Red Opal, White Opal Streaky, Double-rolled, 3mm COE90 - Size 10""x10""",10x10,1,"Bullseye Glass Red Opal, White Opal Streaky, Double-rolled, 3mm COE90 - Size 5""x5""",5x5,4,10x10 → Four 5x5 pieces,,,4× 5x5
22,8,179487,"Bullseye Glass White, Gold Pink, Mottle Mix, Single-rolled, 3mm, Non-Fusible - Size 10""x10""",10x10,1,"Bullseye Glass White, Gold Pink, Mottle Mix, Single-rolled, 3mm, Non-Fusible - Size 5""x10""",5x10,2,10x10 → Two 5x10 pieces,,,2× 5x10
23,7,6010,"Bullseye Glass Charcoal Gray, White Streaky, Double-rolled, 3mm COE90 - Size 10""x10""",10x10,1,"Bullseye Glass Charcoal Gray, White Streaky, Double-rolled, 3mm COE90 - Size 5""x10""",5x10,2,10x10 → Two 5x10 pieces,,,2× 5x10
24,7,6984,"Bullseye Glass Olive Green Opal, Forest Green Streaky, Double-rolled, 3mm COE90 - Size 10""x10""",10x10,1,"Bullseye Glass Olive Green Opal, Forest Green Streaky, Double-rolled, 3mm COE90 - Size 5""x10""",5x10,2,10x10 → Two 5x10 pieces,,,2× 5x10
25,7,16421,"Bullseye Glass Pine Green Transparent, Double-rolled, 3mm COE90 - Size 10""x10""",10x10,1,"Bullseye Glass Pine Green Transparent, Double-rolled, 3mm COE90 - Size 5""x10""",5x10,2,10x10 → Two 5x10 pieces,,,2× 5x10
26,7,179481,"Bullseye Glass White, Lime Green,Turquoise, Gold Pink, Mottle Mix, Single-rolled, 3mm, Non-Fusible - Size 10""x10""",10x10,1,"Bullseye Glass White, Lime Green,Turquoise, Gold Pink, Mottle Mix, Single-rolled, 3mm, Non-Fusible - Size 5""x10""",5x10,2,10x10 → Two 5x10 pieces,,,2× 5x10
27,6,15588,"Bullseye Glass Sienna Transparent, Double-Rolled, 3mm COE90 - Size 10""x10""",10x10,1,"Bullseye Glass Sienna Transparent, Double-Rolled, 3mm COE90 - Size 5""x10""",5x10,2,10x10 → Two 5x10 pieces,,,2× 5x10
28,6,182033,"Bullseye Glass Special Production Golden Green with Pimento Red Double-rolled, Streaky, 3mm COE90 - Size 10""x10""",10x10,1,"Bullseye Glass Special Production Golden Green with Pimento Red Double-rolled, Streaky, 3mm COE90 - Size 5""x10""",5x10,2,10x10 → Two 5x10 pieces,,,2× 5x10
29,5,3750,"Bullseye Glass Light Pink, Green, and White Fractures Streamers on Clear, Single-rolled, 3mm COE90 - Size Half Sheet",Half Sheet,1,"Bullseye Glass Light Pink, Green, and White Fractures Streamers on Clear, Single-rolled, 3mm COE90 - Size 10""x10""",10x10,2,Half Sheet (17x20) → Two 10x10 + Two 5x10 (waste: two 2x10 strips),,,"2× 10x10, 2× 5x10"
30,4,180371,"Bullseye Glass Special Production Spring Green Opal with Orange Infusion Streaky, 3mm COE90 - Size Half Sheet",Half Sheet,1,"Bullseye Glass Special Production Spring Green Opal with Orange Infusion Streaky, 3mm COE90 - Size 5""x10""",5x10,6,Half Sheet (17x20) → Two 10x10 + Two 5x10 (waste: two 2x10 strips),Each 10x10 → Two 5x10 pieces (2 sheets = 4 pieces),,6× 5x10
