Priority,Parent_ID,Glass_Type,Zero_Sizes,Cut_Instruction,Total_Sales,Half_Qty,Half_Sales,10x10_Qty,10x10_Sales,5x10_Qty,5x10_Sales,5x5_Qty,5x5_Sales
1,181765,Bullseye Glass Special Production White with Red Wispy Streaks Double-rolled COE90 - Size,"Half, 5x10",10x10 -> 5x10,35,0,2,4,16,0,11,2,6
2,182033,Bullseye Glass Special Production Golden Green with Pimento Red Double-rolled Streaky COE90 - Size,"Half, 5x10",10x10 -> 5x10,25,0,4,3,13,0,6,5,2
3,155487,Bullseye Glass Burnt Scarlet Transparent Tint Double-rolled COE90 - Size,5x5,5x10 -> 5x5 OR 10x10 -> 5x5,24,0,0,4,5,2,7,0,12
4,179481,Bullseye Glass White Lime GreenTurquoise Gold Pink Mottle Mix Single-rolled Non-Fusible - Size,"Half, 5x10",10x10 -> 5x10,18,0,2,2,7,0,7,4,2
5,16401,Bullseye Glass Gold Purple Transparent Double-rolled COE90 - Size,"10x10, 5x5",5x10 -> 5x5,7,0,0,0,3,3,2,0,2
6,156955,Bullseye Glass Clear Transparent Iridescent Patterned Double-rolled COE90 - Size,5x10,10x10 -> 5x10,3,0,0,1,1,0,2,2,0
