Priority,Parent_ID,Glass_Type,Decision,Cut_Instructions,Half_Qty,Half_Sales,10x10_Qty,10x10_Sales,5x10_Qty,5x10_Sales,5x5_Qty,5x5_Sales,Notes
1,181765,Bullseye Glass Special Production White with Red Wispy Streaks,CUT,Cut 1x10x10->2x5x10. FLAG REORDER Half,0,2,4,16,0,11,2,6,No Half - reorder needed
2,182033,Bullseye Glass Special Production Golden Green with Pimento Red Streaky,CUT,Cut 1x10x10->2x5x10. FLAG REORDER Half,0,4,3,13,0,6,5,2,No Half - reorder needed
3,155487,Bullseye Glass Burnt Scarlet Transparent Tint,CUT,Cut 1x10x10->4x5x5,0,0,4,5,2,7,0,12,Use overstocked 10x10 for 5x5
4,179481,Bullseye Glass White Lime Green Turquoise Gold Pink Mottle Mix,CUT,Cut 1x10x10->2x5x10. FLAG REORDER Half,0,2,2,7,0,7,4,2,No Half - reorder needed
5,16401,Bullseye Glass Gold Purple Transparent,CUT,Cut 1x5x10->2x5x5. FLAG REORDER 10x10,0,0,0,3,3,2,0,2,No source for 10x10 - reorder needed
6,156955,Bullseye Glass Clear Transparent Iridescent Patterned,DONT CUT,FLAG REORDER 5x10,0,0,1,1,0,2,2,0,Trading one zero for another - just reorder
