Parent_ID,Glass_Type,Category,Decision,Cut_Instructions,Reorder_Flag,Total_Sales,Half_Qty,Half_Sales,10x10_Qty,10x10_Sales,5x10_Qty,5x10_Sales,5x5_Qty,5x5_Sales,Notes
388,Bullseye Glass White Opalescent,Tier1_Zeros_With_Half,CUT,Cut Half -> 10x10 (prioritize),No,92,1,9,0,54,34,21,14,8,10x10 ZERO
16381,Bullseye Glass Marigold Yellow Transparent,Tier1_Zeros_With_Half,CUT,Cut 1 Half -> 2x10x10 + 2x5x10,No,71,1,2,4,35,0,24,1,10,5x10 ZERO
9704,Bullseye Glass Kelly Green Transparent,Tier1_Zeros_With_Half,CUT,Cut 1 Half -> 2x10x10 + 2x5x10 then 5x10->5x5,No,70,1,1,0,33,0,21,0,15,ALL cut sizes ZERO
169091,Bullseye Glass White Pink Opal Streaky,Tier1_Zeros_With_Half,CUT,Cut 1 Half -> 2x10x10 + 2x5x10 then 1x5x10->2x5x5,No,61,1,4,0,24,0,16,0,17,ALL cut sizes ZERO
8428,Bullseye Glass Deco Gray Opalescent,Tier1_Zeros_With_Half,CUT,Cut 1 Half -> 2x10x10 + 2x5x10,No,42,3,0,0,23,0,13,2,6,Half dead stock
6972,Bullseye Glass White Orange Opal Streaky,Tier1_Zeros_With_Half,CUT,Cut 1 Half -> 2x10x10 + 2x5x10 then 1x10x10->4x5x5,No,42,1,6,8,16,0,12,1,8,Use overstocked 10x10
146032,Bullseye Glass Light Aquamarine Blue Transparent Rainbow Iridescent,Tier1_Zeros_With_Half,CUT,Cut 1 Half -> 2x10x10 + 2x5x10,No,36,1,4,0,19,3,9,5,4,10x10 ZERO
16441,Bullseye Glass Soft Yellow Opal Deep Red Streaky,Tier1_Zeros_With_Half,CUT,Cut 1 Half -> 2x10x10 + 2x5x10 then 1x10x10->2x5x10,No,35,1,5,12,18,0,9,3,3,5x10 needs boost
158750,Bullseye Glass Emerald Green Transparent Rainbow Iridescent,Tier1_Zeros_With_Half,CUT,Cut 2 Half -> 4x10x10 + 4x5x10,No,30,2,0,0,18,6,7,10,5,Half dead stock
16386,Bullseye Glass Sunset Coral Transparent,Tier1_Zeros_With_Half,CUT,Cut 1 Half -> 2x10x10 + 2x5x10,No,27,1,2,0,12,0,10,2,3,10x10 5x10 ZERO
179475,Bullseye Glass White Turquoise Lime Green Gold Pink Mottle Mix,Tier1_Zeros_With_Half,CUT,Cut 2 Half -> 4x10x10 + 4x5x10,No,27,2,0,0,12,0,7,3,8,Half dead stock
6010,Bullseye Glass Charcoal Gray White Streaky,Tier1_Zeros_With_Half,CUT,Cut 1 Half -> 2x10x10 + 2x5x10 then 1x5x10->2x5x5,No,26,2,0,3,10,0,7,1,9,5x5 needs fix
156043,Bullseye Glass Erbium Pink Transparent Tint,Tier1_Zeros_With_Half,CUT,Cut 1x10x10->2x5x10,No,25,2,0,6,5,0,13,4,7,Cut from overstocked 10x10
16331,Bullseye Glass Umber Opalescent,Tier1_Zeros_With_Half,CUT,Cut 1 Half -> 2x10x10 + 2x5x10,No,25,1,1,1,10,0,10,5,4,Fixes both
153140,Bullseye Glass Alchemy Clear Transparent Silver to Gold,Tier1_Zeros_With_Half,CUT,Cut 1 Half -> 2x10x10 + 2x5x10 then 1x10x10->2x5x10,No,23,1,0,3,8,0,12,3,3,5x10 needs boost
6984,Bullseye Glass Olive Green Opal Forest Green Streaky,Tier1_Zeros_With_Half,CUT,Cut 1 Half -> 2x10x10 + 2x5x10 then 1x5x10->2x5x5,No,23,3,0,2,8,0,7,1,8,5x5 needs fix
9714,Bullseye Glass Red Transparent Rainbow Iridescent,Tier1_Zeros_With_Half,CUT,Cut 1 Half -> 2x10x10 + 2x5x10 then 1x10x10->2x5x10,No,23,1,0,2,8,0,13,8,2,5x10 needs boost
179487,Bullseye Glass White Gold Pink Mottle Mix,Tier1_Zeros_With_Half,CUT,Cut 1 Half -> 2x10x10 + 2x5x10,No,19,2,0,1,7,0,8,3,4,Fixes to threshold
8081,Bullseye Glass Clear Transparent with Black Chopstix Rainbow Iridescent,Tier1_Zeros_With_Half,CUT,Cut 1 Half -> 2x10x10 + 2x5x10,No,17,2,0,0,8,4,9,0,0,10x10 ZERO
152454,Bullseye Glass Garnet Red Transparent Rainbow Iridescent,Tier1_Zeros_With_Half,CUT,Cut 1 Half -> 2x10x10 + 2x5x10,No,16,1,0,0,10,3,5,8,1,Only 1 Half
179469,Bullseye Glass Light Blue Cobalt Blue Mottle Mix,Tier1_Zeros_With_Half,CUT,Cut 2 Half -> 4x10x10 + 4x5x10,No,16,4,0,0,7,0,6,2,3,Half dead stock
146042,Bullseye Glass Red Amber Transparent Tint,Tier1_Zeros_With_Half,CUT,Cut 1 Half -> 2x10x10 + 2x5x10,No,16,3,0,0,8,2,8,8,0,10x10 ZERO
171977,Bullseye Glass Black Opalescent Granite Ripple Texture,Tier1_Zeros_With_Half,CUT,Cut 1x10x10->2x5x10,No,14,2,0,14,6,0,7,10,1,Cut from overstocked 10x10
3750,Bullseye Glass Light Pink Green and White Fractures Streamers on Clear,Tier1_Zeros_With_Half,CUT,Cut 1 Half -> 2x10x10 + 2x5x10,No,14,1,3,0,5,2,6,0,0,10x10 ZERO
179445,Bullseye Glass Medium Celery Emerald Green Mottle Mix,Tier1_Zeros_With_Half,CUT,Cut 2 Half -> 4x10x10 + 4x5x10,No,13,4,0,0,7,0,4,1,2,Half dead stock
179433,Bullseye Glass Patina Green Mottle Opalescent,Tier1_Zeros_With_Half,CUT,Cut 1 Half -> 2x10x10 + 2x5x10,No,13,4,1,3,7,0,5,4,0,5x10 ZERO
182344,Bullseye Glass Special Production Opaline Opal with Light Cyan Opal Streaky,Tier1_Zeros_With_Half,CUT,Cut 1 Half -> 2x10x10 + 2x5x10,No,13,4,0,0,3,1,8,6,2,10x10 ZERO
180371,Bullseye Glass Special Production Spring Green Opal with Orange Infusion Streaky,Tier1_Zeros_With_Half,CUT,Cut 1x10x10->2x5x10,No,13,1,3,3,6,0,4,0,0,Cut from overstocked 10x10
153366,Bullseye Glass Neo-Lavender Shift Transparent Rainbow Iridescent,Tier1_Zeros_With_Half,CUT,Cut 1 Half -> 2x10x10 + 2x5x10,No,12,1,0,0,9,8,2,7,1,Only 1 Half
6834,Bullseye Glass Reactive Ice Clear Transparent,Tier1_Zeros_With_Half,CUT,Cut 2 Half -> 4x10x10 + 4x5x10,No,12,2,0,0,10,13,2,12,0,Half dead stock
159082,Bullseye Glass Light Silver Gray Transparent Silver Iridescent,Tier1_Zeros_With_Half,CUT,Cut 1x5x10->2x5x5,No,11,2,0,3,4,3,2,0,5,Cut from overstocked 5x10
179505,Bullseye Glass White Olive Green Gold Pink Mottle Mix,Tier1_Zeros_With_Half,CUT,Cut 1x10x10->2x5x10,No,8,2,0,6,4,0,3,1,1,Cut from overstocked 10x10
8943,Bullseye Glass Clear Transparent Soft Ripple Texture Iridescent,Tier1_Zeros_With_Half,CUT,Cut 1 Half -> 2x10x10 + 2x5x10 then 1x5x10->2x5x5,No,5,1,0,0,2,0,0,0,3,10x10 5x5 ZERO
8300,Bullseye Glass Black Opalescent Silver Iridescent,Tier1_Zeros_With_Half,CUT,Cut 1 Half -> 2x10x10 + 2x5x10 then 1x5x10->2x5x5,No,3,4,0,6,1,0,2,0,0,Stock 5x5 since active
181765,Bullseye Glass Special Production White with Red Wispy Streaks,LowPriority_No_Half,CUT,Cut 1x10x10->2x5x10,Yes - Half,35,0,2,4,16,0,11,2,6,No Half available
182033,Bullseye Glass Special Production Golden Green with Pimento Red Streaky,LowPriority_No_Half,CUT,Cut 1x10x10->2x5x10,Yes - Half,25,0,4,3,13,0,6,5,2,No Half available
155487,Bullseye Glass Burnt Scarlet Transparent Tint,LowPriority_No_Half,CUT,Cut 1x10x10->4x5x5,No,24,0,0,4,5,2,7,0,12,5x5 ZERO
179481,Bullseye Glass White Lime Green Turquoise Gold Pink Mottle Mix,LowPriority_No_Half,CUT,Cut 1x10x10->2x5x10,Yes - Half,18,0,2,2,7,0,7,4,2,No Half available
16401,Bullseye Glass Gold Purple Transparent,LowPriority_No_Half,CUT,Cut 1x5x10->2x5x5,Yes - 10x10,7,0,0,0,3,3,2,0,2,No source for 10x10
156955,Bullseye Glass Clear Transparent Iridescent Patterned,LowPriority_No_Half,DONT CUT,None,Yes - 5x10,3,0,0,1,1,0,2,2,0,Trading zeros - just reorder
166067,Bullseye Glass Special Production Holly Berry Red Frit and Aventurine Green Fracture-Streamers,Reorder_Flag,REORDER,None,Yes - Half,210,0,19,0,127,0,64,0,0,ALL sizes ZERO
6018,Bullseye Glass Clear White Streaky,Reorder_Flag,REORDER,None,Yes - Half,180,0,0,0,105,20,52,7,23,10x10 ZERO 105/yr
3,Bullseye Glass Opaque White,Reorder_Flag,REORDER,None,Yes - Half,149,0,18,0,86,11,36,15,9,10x10 ZERO 86/yr
164854,Bullseye Glass Sapphire Blue Transparent Tint,Reorder_Flag,REORDER,None,Yes - Half,78,0,7,0,41,31,15,10,15,10x10 ZERO 41/yr
163639,Bullseye Glass Dark Amber Transparent,Reorder_Flag,REORDER,None,Yes - Half,72,0,3,4,44,11,16,7,9,10x10 at 33 days
9248,Bullseye Glass Warm White Opalescent,Reorder_Flag,REORDER,None,Yes - Half,59,0,12,13,41,36,5,11,1,Half ZERO 12/yr
161124,Bullseye Glass White Opal Dark Brown Streaky,Reorder_Flag,REORDER,None,Yes - Half,58,0,3,0,31,0,15,0,9,ALL sizes ZERO
164859,Bullseye Glass Turquoise Blue Transparent Tint,Reorder_Flag,REORDER,None,Yes - Half,56,0,6,0,27,14,12,7,11,10x10 ZERO 27/yr
12151,Bullseye Glass Butterscotch Opalescent,Reorder_Flag,REORDER,None,Yes - Half,55,0,4,14,21,8,20,8,10,Half ZERO - others OK
9882,Bullseye Glass Light Pink Transparent,Reorder_Flag,REORDER,None,Yes - Half,54,0,1,0,18,0,17,0,18,ALL sizes ZERO
16396,Bullseye Glass Cranberry Pink Transparent,Reorder_Flag,REORDER,None,Yes - Half,51,0,0,0,9,0,21,0,21,ALL sizes ZERO
6022,Bullseye Glass Medium Amber White Streaky,Reorder_Flag,REORDER,None - no cutting needed,Yes - Half,50,0,13,8,21,6,12,6,4,Half ZERO - others OK
16321,Bullseye Glass Pink Opalescent,Reorder_Flag,REORDER,None,Yes - Half,48,0,1,0,9,2,17,3,21,10x10 ZERO
6102,Bullseye Glass Cranberry Pink White Streaky,Reorder_Flag,REORDER,None,Yes - Half,47,0,2,4,19,4,17,9,9,Half ZERO
170968,Bullseye Glass White Opal Deep Forest Green Caramel Opal Streaky,Reorder_Flag,REORDER,None,Yes - Half,45,0,5,1,26,1,12,3,2,URGENT 10x10 at 14 days
8414,Bullseye Glass Light Amber Transparent,Reorder_Flag,REORDER,None - no cutting needed,Yes - Half,43,0,3,7,24,6,14,3,2,Half ZERO - others OK
15054,Bullseye Glass Azure Blue & Jade Green Opalescent Neo-Lavender Shift Transparent Streaky,Reorder_Flag,REORDER,None,Yes - Half,42,0,4,2,17,4,14,10,7,Half ZERO 10x10 at 42 days
181760,Bullseye Glass Special Production White with Black Wispy Streaks,Reorder_Flag,REORDER,None,Yes - Half,40,0,2,0,16,0,13,0,9,ALL sizes ZERO
16351,Bullseye Glass Olive Green Transparent,Reorder_Flag,REORDER,None,Yes - Half,39,0,4,0,15,1,13,3,7,10x10 ZERO 5x10 at 28 days
3600,Bullseye Glass Salmon Pink Opalescent,Reorder_Flag,REORDER,None,Yes - Half,38,0,1,1,14,3,9,5,14,Half ZERO 10x10 at 26 days
4393,Bullseye Glass Gold Purple Opalescent,Reorder_Flag,REORDER,None,Yes - Half,37,0,2,0,12,0,12,0,11,ALL sizes ZERO
9709,Bullseye Glass Violet Transparent,Reorder_Flag,REORDER,None,Yes - Half,36,0,6,0,11,0,10,0,9,ALL sizes ZERO
152693,Bullseye Glass Turquoise Blue Transparent Rainbow Iridescent,Reorder_Flag,REORDER + CUT,Cut 2x5x10->4x5x5,Yes - Half,33,0,2,3,15,13,5,2,11,5x10 overstocked
156048,Bullseye Glass Ruby Pink Transparent Tint,Reorder_Flag,REORDER,None,Yes - Half,30,0,2,0,11,0,7,0,10,ALL sizes ZERO
181887,Bullseye Glass Special Production Powder Blue Opalescent with Blue Transparent,Reorder_Flag,REORDER,None,Yes - Half,30,0,4,0,14,0,8,4,4,Half 10x10 5x10 ZERO
182018,Bullseye Glass Special Production Spring Green with White Streaky,Reorder_Flag,REORDER,None,Yes - Half,30,0,2,0,13,5,8,4,7,10x10 ZERO
6964,Bullseye Glass Plum Opalescent,Reorder_Flag,REORDER,None - no cutting needed,Yes - Half,29,0,2,8,9,5,8,8,10,Half ZERO - others OK
182028,Bullseye Glass Special Production Copper Blue and White with Dusty Blue Infusion,Reorder_Flag,REORDER,None,Yes - Half,29,0,4,0,17,0,8,0,0,Half 10x10 5x10 ZERO
163634,Bullseye Glass Variegated Salmon Pink Opalescent,Reorder_Flag,REORDER,None,Yes - Half,29,0,4,0,14,0,4,0,7,ALL sizes ZERO
15049,Bullseye Glass Fuchsia Transparent,Reorder_Flag,REORDER,None,Yes - Half,28,0,2,0,6,0,8,0,12,ALL sizes ZERO
182023,Bullseye Glass Special Production White With Aventurine Drizzle,Reorder_Flag,REORDER,None,Yes - Half,28,0,2,0,11,0,15,0,0,Half 10x10 5x10 ZERO
170963,Bullseye Glass White Orange Opal Deep Forest Green Streaky,Reorder_Flag,REORDER + CUT,Cut 1x10x10->2x5x10 then 1x5x10->2x5x5,Yes - Half,28,0,7,7,7,4,6,1,8,Cascade cut
182356,Bullseye Glass Special Production Deep Royal Blue Transparent with Light Cyan Opal Streaky,Reorder_Flag,REORDER,None,Yes - Half,27,0,7,0,12,4,5,4,3,10x10 ZERO
179493,Bullseye Glass Lemon Yellow White Gold-Pink Mottle Mix,Reorder_Flag,REORDER,None,Yes - Half,26,0,2,0,10,0,8,0,6,ALL sizes ZERO
181878,Bullseye Glass Special Production Gray Blue Tint with Gray Opalescent Graffiti,Reorder_Flag,REORDER,None,Yes - Half,26,0,4,0,16,2,6,0,0,10x10 ZERO
10037,Bullseye Glass Clear White & Black Streaky,Reorder_Flag,REORDER,None,Yes - Half,24,0,2,1,19,13,1,7,2,10x10 at 19 days
181882,Bullseye Glass Special Production Chartreuse Transparent with White,Reorder_Flag,REORDER,None - no cutting needed,Yes - Half,23,0,4,6,9,2,6,4,4,Half ZERO - others OK
181770,Bullseye Glass Special Production French Vanilla Opalescent with Powder Blue Opalescent,Reorder_Flag,REORDER,None,Yes - Half,23,0,2,0,14,9,6,8,1,10x10 ZERO
156460,Bullseye Glass Clear Transparent Prismatic Texture,Reorder_Flag,REORDER,None,Yes - Half,22,0,2,0,8,0,7,1,5,Half 10x10 5x10 ZERO
182362,Bullseye Glass Special Production Clear with Glacial Blue Opal Streaky,Reorder_Flag,REORDER,None,Yes - Half,22,0,4,0,14,4,4,9,0,10x10 ZERO
15598,Bullseye Glass Light Sky Blue Transparent Rainbow Iridescent,Reorder_Flag,REORDER,None,Yes - Half,20,0,2,1,8,4,8,6,2,Half ZERO 10x10 at 45 days
153056,Bullseye Glass Coral Orange Transparent Tint,Reorder_Flag,REORDER + CUT,Cut 1x5x10->2x5x5,Yes - Half,19,0,3,0,8,2,3,1,5,5x5 at 73 days
155482,Bullseye Glass Light Turquoise Blue Transparent Rainbow Iridescent,Reorder_Flag,REORDER,None,Yes - Half,12,0,2,0,8,15,2,9,0,10x10 ZERO
158138,Bullseye Glass Steel Blue Transparent Rainbow Iridescent,Reorder_Flag,REORDER,None - no cutting needed,Yes - Half,8,0,2,6,3,1,3,2,0,Half ZERO - others OK
156470,Bullseye Glass Pine Green Transparent Rainbow Iridescent,Reorder_Flag,REORDER,None,Yes - Half,5,0,0,0,4,8,1,7,0,10x10 ZERO
162758,Bullseye Glass Assortment Transparent,Reorder_Flag,REORDER,None,Yes - Half,3,0,0,0,2,0,1,0,0,10x10 5x10 ZERO low priority
