Priority,Parent_ID,Glass_Type,Decision,Cut_Instructions,Reorder_Sizes,Half_Qty,Half_Sales,10x10_Qty,10x10_Sales,5x10_Qty,5x10_Sales,5x5_Qty,5x5_Sales,Notes
1,166067,Bullseye Glass Special Production Holly Berry Red Frit and Aventurine Green Fracture-Streamers on Clear,REORDER,None,Half,0,19,0,127,0,64,0,0,ALL sizes ZERO - high demand 210/yr
2,6018,Bullseye Glass Clear White Streaky,REORDER,None,Half,0,0,0,105,20,52,7,23,10x10 ZERO with 105 sales/yr
3,3,Bullseye Glass Opaque White,REORDER,None,Half,0,18,0,86,11,36,15,9,10x10 ZERO with 86 sales/yr
4,164854,Bullseye Glass Sapphire Blue Transparent Tint,REORDER,None,Half,0,7,0,41,31,15,10,15,10x10 ZERO with 41 sales/yr
5,163639,Bullseye Glass Dark Amber Transparent,REORDER,None,Half,0,3,4,44,11,16,7,9,10x10 at 33 days - needs source
6,9248,Bullseye Glass Warm White Opalescent,REORDER,None,Half,0,12,13,41,36,5,11,1,Half ZERO with 12 sales/yr
7,161124,Bullseye Glass White Opal Dark Brown Streaky,REORDER,None,Half,0,3,0,31,0,15,0,9,ALL sizes ZERO
8,164859,Bullseye Glass Turquoise Blue Transparent Tint,REORDER,None,Half,0,6,0,27,14,12,7,11,10x10 ZERO with 27 sales/yr
9,12151,Bullseye Glass Butterscotch Opalescent,REORDER,None,Half,0,4,14,21,8,20,8,10,Half ZERO - all other sizes OK
10,9882,Bullseye Glass Light Pink Transparent,REORDER,None,Half,0,1,0,18,0,17,0,18,ALL sizes ZERO
11,16396,Bullseye Glass Cranberry Pink Transparent,REORDER,None,Half,0,0,0,9,0,21,0,21,ALL sizes ZERO - no Half exists
12,6022,Bullseye Glass Medium Amber White Streaky,REORDER,None - no cutting needed,Half,0,13,8,21,6,12,6,4,Half ZERO - all other sizes OK
13,16321,Bullseye Glass Pink Opalescent,REORDER,None,Half,0,1,0,9,2,17,3,21,10x10 ZERO - all sizes low
14,6102,Bullseye Glass Cranberry Pink White Streaky,REORDER,None,Half,0,2,4,19,4,17,9,9,Half ZERO - 10x10 and 5x10 below threshold
15,170968,Bullseye Glass White Opal Deep Forest Green Caramel Opal Streaky,REORDER,None,Half,0,5,1,26,1,12,3,2,URGENT - 10x10 at 14 days
16,8414,Bullseye Glass Light Amber Transparent,REORDER,None - no cutting needed,Half,0,3,7,24,6,14,3,2,Half ZERO - all other sizes OK
17,15054,Bullseye Glass Azure Blue & Jade Green Opalescent Neo-Lavender Shift Transparent Streaky,REORDER,None,Half,0,4,2,17,4,14,10,7,Half ZERO - 10x10 at 42 days
18,181760,Bullseye Glass Special Production White with Black Wispy Streaks,REORDER,None,Half,0,2,0,16,0,13,0,9,ALL sizes ZERO
19,16351,Bullseye Glass Olive Green Transparent,REORDER,None,Half,0,4,0,15,1,13,3,7,10x10 ZERO - 5x10 at 28 days
20,3600,Bullseye Glass Salmon Pink Opalescent,REORDER,None,Half,0,1,1,14,3,9,5,14,Half ZERO - 10x10 at 26 days
21,4393,Bullseye Glass Gold Purple Opalescent,REORDER,None,Half,0,2,0,12,0,12,0,11,ALL sizes ZERO
22,9709,Bullseye Glass Violet Transparent,REORDER,None,Half,0,6,0,11,0,10,0,9,ALL sizes ZERO
23,152693,Bullseye Glass Turquoise Blue Transparent Rainbow Iridescent,REORDER + CUT,Cut 2x5x10->4x5x5,Half,0,2,3,15,13,5,2,11,5x10 overstocked - cut to 5x5
24,156048,Bullseye Glass Ruby Pink Transparent Tint,REORDER,None,Half,0,2,0,11,0,7,0,10,ALL sizes ZERO
25,181887,Bullseye Glass Special Production Powder Blue Opalescent with Blue Transparent,REORDER,None,Half,0,4,0,14,0,8,4,4,Half 10x10 5x10 all ZERO
26,182018,Bullseye Glass Special Production Spring Green with White Streaky,REORDER,None,Half,0,2,0,13,5,8,4,7,10x10 ZERO
27,6964,Bullseye Glass Plum Opalescent,REORDER,None - no cutting needed,Half,0,2,8,9,5,8,8,10,Half ZERO - all other sizes OK
28,182028,Bullseye Glass Special Production Copper Blue and White with Dusty Blue Infusion,REORDER,None,Half,0,4,0,17,0,8,0,0,Half 10x10 5x10 all ZERO - no 5x5 exists
29,163634,Bullseye Glass Variegated Salmon Pink Opalescent,REORDER,None,Half,0,4,0,14,0,4,0,7,ALL sizes ZERO
30,15049,Bullseye Glass Fuchsia Transparent,REORDER,None,Half,0,2,0,6,0,8,0,12,ALL sizes ZERO
31,182023,Bullseye Glass Special Production White With Aventurine Drizzle,REORDER,None,Half,0,2,0,11,0,15,0,0,Half 10x10 5x10 all ZERO - no 5x5 exists
32,170963,Bullseye Glass White Orange Opal Deep Forest Green Streaky,REORDER + CUT,Cut 1x10x10->2x5x10 then 1x5x10->2x5x5,Half,0,7,7,7,4,6,1,8,Cascade cut from overstocked 10x10
33,182356,Bullseye Glass Special Production Deep Royal Blue Transparent with Light Cyan Opal Streaky,REORDER,None,Half,0,7,0,12,4,5,4,3,10x10 ZERO
34,179493,Bullseye Glass Lemon Yellow White Gold-Pink Mottle Mix,REORDER,None,Half,0,2,0,10,0,8,0,6,ALL sizes ZERO
35,181878,Bullseye Glass Special Production Gray Blue Tint with Gray Opalescent Graffiti,REORDER,None,Half,0,4,0,16,2,6,0,0,10x10 ZERO
36,10037,Bullseye Glass Clear White & Black Streaky,REORDER,None,Half,0,2,1,19,13,1,7,2,10x10 at 19 days - need Half
37,181882,Bullseye Glass Special Production Chartreuse Transparent with White,REORDER,None - no cutting needed,Half,0,4,6,9,2,6,4,4,Half ZERO - all other sizes OK
38,181770,Bullseye Glass Special Production French Vanilla Opalescent with Powder Blue Opalescent,REORDER,None,Half,0,2,0,14,9,6,8,1,10x10 ZERO
39,156460,Bullseye Glass Clear Transparent Prismatic Texture,REORDER,None,Half,0,2,0,8,0,7,1,5,Half 10x10 5x10 all ZERO
40,182362,Bullseye Glass Special Production Clear with Glacial Blue Opal Streaky,REORDER,None,Half,0,4,0,14,4,4,9,0,10x10 ZERO
41,15598,Bullseye Glass Light Sky Blue Transparent Rainbow Iridescent,REORDER,None,Half,0,2,1,8,4,8,6,2,Half ZERO - 10x10 at 45 days
42,153056,Bullseye Glass Coral Orange Transparent Tint,REORDER + CUT,Cut 1x5x10->2x5x5,Half,0,3,0,8,2,3,1,5,5x5 at 73 days - cut from 5x10
43,155482,Bullseye Glass Light Turquoise Blue Transparent Rainbow Iridescent,REORDER,None,Half,0,2,0,8,15,2,9,0,10x10 ZERO
44,158138,Bullseye Glass Steel Blue Transparent Rainbow Iridescent,REORDER,None - no cutting needed,Half,0,2,6,3,1,3,2,0,Half ZERO - all other sizes OK
45,156470,Bullseye Glass Pine Green Transparent Rainbow Iridescent,REORDER,None,Half,0,0,0,4,8,1,7,0,10x10 ZERO - no Half exists
46,162758,Bullseye Glass Assortment Transparent,REORDER,None,Half,0,0,0,2,0,1,0,0,10x10 5x10 ZERO - low priority (3/yr)
