Priority,Parent_ID,Glass_Type,Total_Sales,Zero_Sizes,Half_Qty,Half_Sales,10x10_Qty,10x10_Sales,5x10_Qty,5x10_Sales,5x5_Qty,5x5_Sales
1,166067,Bullseye Glass Special Production Holly Berry Red Frit and A,210,"Half, 10x10, 5x10",0,19,0,127,0,64,0,0
2,6018,Bullseye Glass Clear White Streaky Double-rolled COE90 - Siz,180,10x10,0,0,0,105,20,52,7,23
3,3,Bullseye Glass Opaque White Double-rolled COE90 - Size,149,"Half, 10x10",0,18,0,86,11,36,15,9
4,164854,Bullseye Glass Sapphire Blue Transparent Tint Double-rolled ,78,"Half, 10x10",0,7,0,41,31,15,10,15
5,163639,Bullseye Glass Dark Amber Transparent Double-rolled COE90 - ,72,Half,0,3,4,44,11,16,7,9
6,9248,Bullseye Glass Warm White Opalescent Double-rolled COE90 - S,59,Half,0,12,13,41,36,5,11,1
7,161124,Bullseye Glass White Opal Dark Brown Streaky  Double-rolled ,58,"Half, 10x10, 5x10, 5x5",0,3,0,31,0,15,0,9
8,164859,Bullseye Glass Turquoise Blue Transparent Tint Double-rolled,56,"Half, 10x10",0,6,0,27,14,12,7,11
9,12151,Bullseye Glass Butterscotch Opalescent Double-rolled COE90 -,55,Half,0,4,14,21,8,20,8,10
10,9882,Bullseye Glass Light Pink Transparent Double-rolled COE90 - ,54,"Half, 10x10, 5x10, 5x5",0,1,0,18,0,17,0,18
11,16396,Bullseye Glass Cranberry Pink Transparent Double-rolled COE9,51,"10x10, 5x10, 5x5",0,0,0,9,0,21,0,21
12,6022,Bullseye Glass Medium Amber White Streaky Double-rolled COE9,50,Half,0,13,8,21,6,12,6,4
13,16321,Bullseye Glass Pink Opalescent Double-rolled COE90 - Size,48,"Half, 10x10",0,1,0,9,2,17,3,21
14,6102,Bullseye Glass Cranberry Pink White Streaky Double-rolled CO,47,Half,0,2,4,19,4,17,9,9
15,170968,Bullseye Glass White Opal Deep Forest Green Caramel Opal Str,45,Half,0,5,1,26,1,12,3,2
16,8414,Bullseye Glass Light Amber Transparent Double-rolled  COE90 ,43,Half,0,3,7,24,6,14,3,2
17,15054,Bullseye Glass Azure Blue & Jade Green Opalescent Neo-Lavend,42,Half,0,4,2,17,4,14,10,7
18,181760,Bullseye Glass Special Production White with Black Wispy Str,40,"Half, 10x10, 5x10, 5x5",0,2,0,16,0,13,0,9
19,16351,Bullseye Glass Olive Green Transparent Double-rolled COE90 -,39,"Half, 10x10",0,4,0,15,1,13,3,7
20,3600,Bullseye Glass Salmon Pink Opalescent Double-rolled COE90 - ,38,Half,0,1,1,14,3,9,5,14
21,4393,Bullseye Glass Gold Purple Opalescent Double-rolled COE90 - ,37,"Half, 10x10, 5x10, 5x5",0,2,0,12,0,12,0,11
22,9709,Bullseye Glass Violet Transparent Double-rolled COE90 - Size,36,"Half, 10x10, 5x10, 5x5",0,6,0,11,0,10,0,9
23,181765,Bullseye Glass Special Production White with Red Wispy Strea,35,"Half, 5x10",0,2,4,16,0,11,2,6
24,156048,Bullseye Glass Ruby Pink Transparent Tint Double-rolled COE9,30,"Half, 10x10, 5x10, 5x5",0,2,0,11,0,7,0,10
25,181887,Bullseye Glass Special Production Powder Blue Opalescent wit,30,"Half, 10x10, 5x10",0,4,0,14,0,8,4,4
26,182018,Bullseye Glass Special Production Spring Green with White Do,30,"Half, 10x10",0,2,0,13,5,8,4,7
27,6964,Bullseye Glass Plum Opalescent Double-Rolled COE90 - Size,29,Half,0,2,8,9,5,8,8,10
28,182028,Bullseye Glass Special Production Copper Blue and White with,29,"Half, 10x10, 5x10",0,4,0,17,0,8,0,0
29,163634,Bullseye Glass Variegated Salmon Pink Opalescent Double-roll,29,"Half, 10x10, 5x10, 5x5",0,4,0,14,0,4,0,7
30,15049,Bullseye Glass Fuchsia Transparent Double-rolled COE90 - Siz,28,"Half, 10x10, 5x10, 5x5",0,2,0,6,0,8,0,12
31,182023,Bullseye Glass Special Production White With Aventurine Driz,28,"Half, 10x10, 5x10",0,2,0,11,0,15,0,0
32,182356,Bullseye Glass Special Production Deep Royal Blue Transparen,27,"Half, 10x10",0,7,0,12,4,5,4,3
33,179493,Bullseye Glass Lemon Yellow White Gold-Pink Mottle Mix Singl,26,"Half, 10x10, 5x10, 5x5",0,2,0,10,0,8,0,6
34,181878,Bullseye Glass Special Production Gray Blue Tint with Gray O,26,"Half, 10x10",0,4,0,16,2,6,0,0
35,182033,Bullseye Glass Special Production Golden Green with Pimento ,25,"Half, 5x10",0,4,3,13,0,6,5,2
36,10037,Bullseye Glass Clear White & Black Streaky Double-Rolled COE,24,Half,0,2,1,19,13,1,7,2
37,181882,Bullseye Glass Special Production Chartreuse Transparent wit,23,Half,0,4,6,9,2,6,4,4
38,181770,Bullseye Glass Special Production French Vanilla Opalescent ,23,"Half, 10x10",0,2,0,14,9,6,8,1
39,156460,Bullseye Glass Clear Transparent Prismatic Texture COE90 - S,22,"Half, 10x10, 5x10",0,2,0,8,0,7,1,5
40,182362,Bullseye Glass Special Production Clear with Glacial Blue Op,22,"Half, 10x10",0,4,0,14,4,4,9,0
41,15598,Bullseye Glass Light Sky Blue Transparent Rainbow Iridescent,20,Half,0,2,1,8,4,8,6,2
42,179481,Bullseye Glass White Lime GreenTurquoise Gold Pink Mottle Mi,18,"Half, 5x10",0,2,2,7,0,7,4,2
43,155482,Bullseye Glass Light Turquoise Blue Transparent Rainbow Irid,12,"Half, 10x10",0,2,0,8,15,2,9,0
44,158138,Bullseye Glass Steel Blue Transparent Rainbow Iridescent Dou,8,Half,0,2,6,3,1,3,2,0
45,156470,Bullseye Glass Pine Green Transparent Rainbow Iridescent Dou,5,10x10,0,0,0,4,8,1,7,0
46,162758,Bullseye Glass Assortment Transparent COE90 - Size,3,"10x10, 5x10",0,0,0,2,0,1,0,0
