Priority,Parent_ID,Glass_Type,Decision,Cut_Instructions,Half_Qty,Half_Sales,10x10_Qty,10x10_Sales,5x10_Qty,5x10_Sales,5x5_Qty,5x5_Sales,Notes
1,388,Bullseye Glass White Opalescent,CUT,Cut Half -> 10x10 (prioritize 10x10 - 5x10 overstocked),1,9,0,54,34,21,14,8,10x10 is ZERO with 54 sales/yr
2,16381,Bullseye Glass Marigold Yellow Transparent,CUT,Cut 1 Half -> 2x10x10 + 2x5x10,1,2,4,35,0,24,1,10,Fixes 10x10 and 5x10 shortages
3,9704,Bullseye Glass Kelly Green Transparent,CUT,Cut 1 Half -> 2x10x10 + 2x5x10 then 5x10->5x5,1,1,0,33,0,21,0,15,ALL cut sizes ZERO
4,169091,Bullseye Glass White Pink Opal Streaky,CUT,Cut 1 Half -> 2x10x10 + 2x5x10 then 1x5x10->2x5x5,1,4,0,24,0,16,0,17,ALL cut sizes ZERO
5,8428,Bullseye Glass Deco Gray Opalescent,CUT,Cut 1 Half -> 2x10x10 + 2x5x10,3,0,0,23,0,13,2,6,Half has no sales - dead stock
6,6972,Bullseye Glass White Orange Opal Streaky,CUT,Cut 1 Half -> 2x10x10 + 2x5x10 then 1x10x10->4x5x5,1,6,8,16,0,12,1,8,Use overstocked 10x10 for 5x5
7,146032,Bullseye Glass Light Aquamarine Blue Transparent Rainbow Iridescent,CUT,Cut 1 Half -> 2x10x10 + 2x5x10,1,4,0,19,3,9,5,4,10x10 is ZERO
8,16441,Bullseye Glass Soft Yellow Opal Deep Red Streaky,CUT,Cut 1 Half -> 2x10x10 + 2x5x10 then 1x10x10->2x5x10,1,5,12,18,0,9,3,3,5x10 needs more after initial cut
9,158750,Bullseye Glass Emerald Green Transparent Rainbow Iridescent,CUT,Cut 2 Half -> 4x10x10 + 4x5x10,2,0,0,18,6,7,10,5,Half has no sales - use both
10,16386,Bullseye Glass Sunset Coral Transparent,CUT,Cut 1 Half -> 2x10x10 + 2x5x10,1,2,0,12,0,10,2,3,10x10 and 5x10 both ZERO
11,179475,Bullseye Glass White Turquoise Lime Green Gold Pink Mottle Mix,CUT,Cut 2 Half -> 4x10x10 + 4x5x10,2,0,0,12,0,7,3,8,Half has no sales - use both
12,6010,Bullseye Glass Charcoal Gray White Streaky,CUT,Cut 1 Half -> 2x10x10 + 2x5x10 then 1x5x10->2x5x5,2,0,3,10,0,7,1,9,5x5 also needs fixing
13,156043,Bullseye Glass Erbium Pink Transparent Tint,CUT,Cut 1x10x10->2x5x10,2,0,6,5,0,13,4,7,10x10 overstocked - cut directly
14,16331,Bullseye Glass Umber Opalescent,CUT,Cut 1 Half -> 2x10x10 + 2x5x10,1,1,1,10,0,10,5,4,Fixes both 10x10 and 5x10
15,153140,Bullseye Glass Alchemy Clear Transparent Silver to Gold,CUT,Cut 1 Half -> 2x10x10 + 2x5x10 then 1x10x10->2x5x10,1,0,3,8,0,12,3,3,5x10 needs more after initial cut
16,6984,Bullseye Glass Olive Green Opal Forest Green Streaky,CUT,Cut 1 Half -> 2x10x10 + 2x5x10 then 1x5x10->2x5x5,3,0,2,8,0,7,1,8,5x5 also needs fixing
17,9714,Bullseye Glass Red Transparent Rainbow Iridescent,CUT,Cut 1 Half -> 2x10x10 + 2x5x10 then 1x10x10->2x5x10,1,0,2,8,0,13,8,2,5x10 needs more after initial cut
18,179487,Bullseye Glass White Gold Pink Mottle Mix,CUT,Cut 1 Half -> 2x10x10 + 2x5x10,2,0,1,7,0,8,3,4,Fixes both sizes to threshold
19,8081,Bullseye Glass Clear Transparent with Black Chopstix Rainbow Iridescent,CUT,Cut 1 Half -> 2x10x10 + 2x5x10,2,0,0,8,4,9,0,0,10x10 is ZERO
20,152454,Bullseye Glass Garnet Red Transparent Rainbow Iridescent,CUT,Cut 1 Half -> 2x10x10 + 2x5x10,1,0,0,10,3,5,8,1,Only 1 Half available
21,179469,Bullseye Glass Light Blue Cobalt Blue Mottle Mix,CUT,Cut 2 Half -> 4x10x10 + 4x5x10,4,0,0,7,0,6,2,3,Half has no sales - use both
22,146042,Bullseye Glass Red Amber Transparent Tint,CUT,Cut 1 Half -> 2x10x10 + 2x5x10,3,0,0,8,2,8,8,0,10x10 is ZERO
23,171977,Bullseye Glass Black Opalescent Granite Ripple Texture,CUT,Cut 1x10x10->2x5x10,2,0,14,6,0,7,10,1,10x10 overstocked - cut directly
24,3750,Bullseye Glass Light Pink Green and White Fractures Streamers on Clear,CUT,Cut 1 Half -> 2x10x10 + 2x5x10,1,3,0,5,2,6,0,0,10x10 is ZERO
25,179445,Bullseye Glass Medium Celery Emerald Green Mottle Mix,CUT,Cut 2 Half -> 4x10x10 + 4x5x10,4,0,0,7,0,4,1,2,Half has no sales - use both
26,179433,Bullseye Glass Patina Green Mottle Opalescent,CUT,Cut 1 Half -> 2x10x10 + 2x5x10,4,1,3,7,0,5,4,0,5x10 is ZERO
27,182344,Bullseye Glass Special Production Opaline Opal with Light Cyan Opal Streaky,CUT,Cut 1 Half -> 2x10x10 + 2x5x10,4,0,0,3,1,8,6,2,10x10 is ZERO
28,180371,Bullseye Glass Special Production Spring Green Opal with Orange Infusion Streaky,CUT,Cut 1x10x10->2x5x10,1,3,3,6,0,4,0,0,10x10 overstocked - cut directly
29,153366,Bullseye Glass Neo-Lavender Shift Transparent Rainbow Iridescent,CUT,Cut 1 Half -> 2x10x10 + 2x5x10,1,0,0,9,8,2,7,1,Only 1 Half available
30,6834,Bullseye Glass Reactive Ice Clear Transparent,CUT,Cut 2 Half -> 4x10x10 + 4x5x10,2,0,0,10,13,2,12,0,Half has no sales - use both
31,159082,Bullseye Glass Light Silver Gray Transparent Silver Iridescent,CUT,Cut 1x5x10->2x5x5,2,0,3,4,3,2,0,5,5x10 overstocked - cut directly
32,179505,Bullseye Glass White Olive Green Gold Pink Mottle Mix,CUT,Cut 1x10x10->2x5x10,2,0,6,4,0,3,1,1,10x10 overstocked - cut directly
33,8943,Bullseye Glass Clear Transparent Soft Ripple Texture Iridescent,CUT,Cut 1 Half -> 2x10x10 + 2x5x10 then 1x5x10->2x5x5,1,0,0,2,0,0,0,3,Both 10x10 and 5x5 ZERO
34,8300,Bullseye Glass Black Opalescent Silver Iridescent,CUT,Cut 1 Half -> 2x10x10 + 2x5x10 then 1x5x10->2x5x5,4,0,6,1,0,2,0,0,Low qty - cut Half for flexibility and stock 5x5
